year,chapter,post,name,amount_nok,amount_mnok,category_id,in_scope,nature,commitment,basis,price_basis,source_id,source_ref,case_ref,vote_id,vote_time,retrieved_at,verified
2025,100,90,Lån til norske borgere i utlandet,450000,0.45,,False,,,vedtatt,løpende,stortinget,https://www.stortinget.no/no/Saker-og-publikasjoner/Saker/Sak/?p=100620,"Prop. 1 S Tillegg 2 (2024-2025), Innst. 5 S (2024-2025)",23940,2024-12-19T14:37:28,2026-09-30T11:36:07+00:00,True
2025,162,95,Norfund – grunnfondskapital ved investeringer i utviklingsland,1239864000,1239.864,dev,True,grant,political,vedtatt,løpende,stortinget,https://www.stortinget.no/no/Saker-og-publikasjoner/Saker/Sak/?p=100620,"Prop. 1 S Tillegg 2 (2024-2025), Innst. 5 S (2024-2025)",23940,2024-12-19T14:37:28,2026-09-30T11:36:07+00:00,True
2025,162,96,Norfund klimainvesteringsfond – kapitalinnskudd,750000000,750.0,dev,True,grant,political,vedtatt,løpende,stortinget,https://www.stortinget.no/no/Saker-og-publikasjoner/Saker/Sak/?p=100620,"Prop. 1 S Tillegg 2 (2024-2025), Innst. 5 S (2024-2025)",23940,2024-12-19T14:37:28,2026-09-30T11:36:07+00:00,True
2025,1700,90,"Kapitalinnskudd, NATO innovasjonsfond",24180000,24.18,def,True,capital,treaty,vedtatt,løpende,stortinget,https://www.stortinget.no/no/Saker-og-publikasjoner/Saker/Sak/?p=100620,"Prop. 1 S Tillegg 2 (2024-2025), Innst. 5 S (2024-2025)",23940,2024-12-19T14:37:28,2026-09-30T11:36:07+00:00,True
2025,100,1,Driftsutgifter,4857100000,4857.1,,False,,,vedtatt,løpende,stortinget,https://www.stortinget.no/no/Saker-og-publikasjoner/Saker/Sak/?p=109767,"Prop. 1 S Tillegg 2 (2024-2025), Innst. 7 S (2024-2025)",23919,2024-12-18T20:13:35,2026-09-30T11:36:07+00:00,True
2025,100,21,"Spesielle driftsutgifter, kan overføres",11979000,11.979,,False,,,vedtatt,løpende,stortinget,https://www.stortinget.no/no/Saker-og-publikasjoner/Saker/Sak/?p=109767,"Prop. 1 S Tillegg 2 (2024-2025), Innst. 7 S (2024-2025)",23919,2024-12-18T20:13:35,2026-09-30T11:36:07+00:00,True
2025,100,45,"Større utstyrsanskaffelser og vedlikehold, kan overføres",111979000,111.979,,False,,,vedtatt,løpende,stortinget,https://www.stortinget.no/no/Saker-og-publikasjoner/Saker/Sak/?p=109767,"Prop. 1 S Tillegg 2 (2024-2025), Innst. 7 S (2024-2025)",23919,2024-12-18T20:13:35,2026-09-30T11:36:07+00:00,True
2025,100,70,Erstatning av skader på utenlandske ambassader,1347000,1.347,,False,,,vedtatt,løpende,stortinget,https://www.stortinget.no/no/Saker-og-publikasjoner/Saker/Sak/?p=109767,"Prop. 1 S Tillegg 2 (2024-2025), Innst. 7 S (2024-2025)",23919,2024-12-18T20:13:35,2026-09-30T11:36:07+00:00,True
2025,100,71,Hjelp til norske borgere i utlandet,156000,0.156,,False,,,vedtatt,løpende,stortinget,https://www.stortinget.no/no/Saker-og-publikasjoner/Saker/Sak/?p=109767,"Prop. 1 S Tillegg 2 (2024-2025), Innst. 7 S (2024-2025)",23919,2024-12-18T20:13:35,2026-09-30T11:36:07+00:00,True
2025,103,1,Driftsutgifter,57307000,57.307,,False,,,vedtatt,løpende,stortinget,https://www.stortinget.no/no/Saker-og-publikasjoner/Saker/Sak/?p=109767,"Prop. 1 S Tillegg 2 (2024-2025), Innst. 7 S (2024-2025)",23919,2024-12-18T20:13:35,2026-09-30T11:36:07+00:00,True
2025,104,1,Driftsutgifter,8559000,8.559,,False,,,vedtatt,løpende,stortinget,https://www.stortinget.no/no/Saker-og-publikasjoner/Saker/Sak/?p=109767,"Prop. 1 S Tillegg 2 (2024-2025), Innst. 7 S (2024-2025)",23919,2024-12-18T20:13:35,2026-09-30T11:36:07+00:00,True
2025,105,1,Driftsutgifter,60000000,60.0,,False,,,vedtatt,løpende,stortinget,https://www.stortinget.no/no/Saker-og-publikasjoner/Saker/Sak/?p=109767,"Prop. 1 S Tillegg 2 (2024-2025), Innst. 7 S (2024-2025)",23919,2024-12-18T20:13:35,2026-09-30T11:36:07+00:00,True
2025,115,21,"Spesielle driftsutgifter – kulturfremme, kan overføres, kan nyttes under post 70",10606000,10.606,,False,,,vedtatt,løpende,stortinget,https://www.stortinget.no/no/Saker-og-publikasjoner/Saker/Sak/?p=109767,"Prop. 1 S Tillegg 2 (2024-2025), Innst. 7 S (2024-2025)",23919,2024-12-18T20:13:35,2026-09-30T11:36:07+00:00,True
2025,115,22,"Spesielle driftsutgifter – næringsfremme, kan overføres, kan nyttes under post 71",14658000,14.658,,False,,,vedtatt,løpende,stortinget,https://www.stortinget.no/no/Saker-og-publikasjoner/Saker/Sak/?p=109767,"Prop. 1 S Tillegg 2 (2024-2025), Innst. 7 S (2024-2025)",23919,2024-12-18T20:13:35,2026-09-30T11:36:07+00:00,True
2025,115,70,"Kultur- og informasjonsformål, kan overføres, kan nyttes under post 21",38571000,38.571,,False,,,vedtatt,løpende,stortinget,https://www.stortinget.no/no/Saker-og-publikasjoner/Saker/Sak/?p=109767,"Prop. 1 S Tillegg 2 (2024-2025), Innst. 7 S (2024-2025)",23919,2024-12-18T20:13:35,2026-09-30T11:36:07+00:00,True
2025,115,71,"Næringsfremme, kan overføres, kan nyttes under post 22",15382000,15.382,,False,,,vedtatt,løpende,stortinget,https://www.stortinget.no/no/Saker-og-publikasjoner/Saker/Sak/?p=109767,"Prop. 1 S Tillegg 2 (2024-2025), Innst. 7 S (2024-2025)",23919,2024-12-18T20:13:35,2026-09-30T11:36:07+00:00,True
2025,116,70,Pliktige bidrag,1596300000,1596.3,org,True,grant,obligatory,vedtatt,løpende,stortinget,https://www.stortinget.no/no/Saker-og-publikasjoner/Saker/Sak/?p=109767,"Prop. 1 S Tillegg 2 (2024-2025), Innst. 7 S (2024-2025)",23919,2024-12-18T20:13:35,2026-09-30T11:36:07+00:00,True
2025,117,77,"EØS-finansieringsordningen 2014–2021, kan overføres",295000000,295.0,eea,True,grant,agreement,vedtatt,løpende,stortinget,https://www.stortinget.no/no/Saker-og-publikasjoner/Saker/Sak/?p=109767,"Prop. 1 S Tillegg 2 (2024-2025), Innst. 7 S (2024-2025)",23919,2024-12-18T20:13:35,2026-09-30T11:36:07+00:00,True
2025,117,78,"Den norske finansieringsordningen 2014–2021, kan overføres",334000000,334.0,eea,True,grant,agreement,vedtatt,løpende,stortinget,https://www.stortinget.no/no/Saker-og-publikasjoner/Saker/Sak/?p=109767,"Prop. 1 S Tillegg 2 (2024-2025), Innst. 7 S (2024-2025)",23919,2024-12-18T20:13:35,2026-09-30T11:36:07+00:00,True
2025,118,21,"Spesielle driftsutgifter, kan overføres, kan nyttes under post 70, 71, 72 og 73",103526000,103.526,,False,,,vedtatt,løpende,stortinget,https://www.stortinget.no/no/Saker-og-publikasjoner/Saker/Sak/?p=109767,"Prop. 1 S Tillegg 2 (2024-2025), Innst. 7 S (2024-2025)",23919,2024-12-18T20:13:35,2026-09-30T11:36:07+00:00,True
2025,118,70,"Nordområdene og Antarktis, kan overføres, kan nyttes under post 21",54630000,54.63,,False,,,vedtatt,løpende,stortinget,https://www.stortinget.no/no/Saker-og-publikasjoner/Saker/Sak/?p=109767,"Prop. 1 S Tillegg 2 (2024-2025), Innst. 7 S (2024-2025)",23919,2024-12-18T20:13:35,2026-09-30T11:36:07+00:00,True
2025,118,71,"Globale sikkerhetsspørsmål, kan overføres, kan nyttes under post 21",7300000,7.3,,False,,,vedtatt,løpende,stortinget,https://www.stortinget.no/no/Saker-og-publikasjoner/Saker/Sak/?p=109767,"Prop. 1 S Tillegg 2 (2024-2025), Innst. 7 S (2024-2025)",23919,2024-12-18T20:13:35,2026-09-30T11:36:07+00:00,True
2025,118,72,"Nedrustning, ikke-spredning og kjernefysisk sikkerhet mv., kan overføres, kan nyttes under post 21",44390000,44.39,,False,,,vedtatt,løpende,stortinget,https://www.stortinget.no/no/Saker-og-publikasjoner/Saker/Sak/?p=109767,"Prop. 1 S Tillegg 2 (2024-2025), Innst. 7 S (2024-2025)",23919,2024-12-18T20:13:35,2026-09-30T11:36:07+00:00,True
2025,118,73,"Klima, miljøtiltak og hav mv., kan overføres, kan nyttes under post 21",10943000,10.943,,False,,,vedtatt,løpende,stortinget,https://www.stortinget.no/no/Saker-og-publikasjoner/Saker/Sak/?p=109767,"Prop. 1 S Tillegg 2 (2024-2025), Innst. 7 S (2024-2025)",23919,2024-12-18T20:13:35,2026-09-30T11:36:07+00:00,True
2025,118,74,"Forskning, dialog og menneskerettigheter mv.",24372000,24.372,,False,,,vedtatt,løpende,stortinget,https://www.stortinget.no/no/Saker-og-publikasjoner/Saker/Sak/?p=109767,"Prop. 1 S Tillegg 2 (2024-2025), Innst. 7 S (2024-2025)",23919,2024-12-18T20:13:35,2026-09-30T11:36:07+00:00,True
2025,118,75,Fredsorganisasjoner,10000000,10.0,,False,,,vedtatt,løpende,stortinget,https://www.stortinget.no/no/Saker-og-publikasjoner/Saker/Sak/?p=109767,"Prop. 1 S Tillegg 2 (2024-2025), Innst. 7 S (2024-2025)",23919,2024-12-18T20:13:35,2026-09-30T11:36:07+00:00,True
2025,118,76,"Russland, kan overføres, kan nyttes under post 21",33600000,33.6,,False,,,vedtatt,løpende,stortinget,https://www.stortinget.no/no/Saker-og-publikasjoner/Saker/Sak/?p=109767,"Prop. 1 S Tillegg 2 (2024-2025), Innst. 7 S (2024-2025)",23919,2024-12-18T20:13:35,2026-09-30T11:36:07+00:00,True
2025,118,77,"Norges forskningsråd – utenriksområdet, kan overføres",50766000,50.766,,False,,,vedtatt,løpende,stortinget,https://www.stortinget.no/no/Saker-og-publikasjoner/Saker/Sak/?p=109767,"Prop. 1 S Tillegg 2 (2024-2025), Innst. 7 S (2024-2025)",23919,2024-12-18T20:13:35,2026-09-30T11:36:07+00:00,True
2025,118,78,Initiativ om humanitære konsekvenser av kjernevåpen,15000000,15.0,,False,,,vedtatt,løpende,stortinget,https://www.stortinget.no/no/Saker-og-publikasjoner/Saker/Sak/?p=109767,"Prop. 1 S Tillegg 2 (2024-2025), Innst. 7 S (2024-2025)",23919,2024-12-18T20:13:35,2026-09-30T11:36:07+00:00,True
2025,140,21,"Spesielle driftsutgifter, kan overføres",95083000,95.083,,False,,,vedtatt,løpende,stortinget,https://www.stortinget.no/no/Saker-og-publikasjoner/Saker/Sak/?p=109767,"Prop. 1 S Tillegg 2 (2024-2025), Innst. 7 S (2024-2025)",23919,2024-12-18T20:13:35,2026-09-30T11:36:07+00:00,True
2025,141,1,Driftsutgifter,419283000,419.283,,False,,,vedtatt,løpende,stortinget,https://www.stortinget.no/no/Saker-og-publikasjoner/Saker/Sak/?p=109767,"Prop. 1 S Tillegg 2 (2024-2025), Innst. 7 S (2024-2025)",23919,2024-12-18T20:13:35,2026-09-30T11:36:07+00:00,True
2025,141,21,"Spesielle driftsutgifter, kan overføres",29480000,29.48,,False,,,vedtatt,løpende,stortinget,https://www.stortinget.no/no/Saker-og-publikasjoner/Saker/Sak/?p=109767,"Prop. 1 S Tillegg 2 (2024-2025), Innst. 7 S (2024-2025)",23919,2024-12-18T20:13:35,2026-09-30T11:36:07+00:00,True
2025,144,1,Driftsutgifter,71411000,71.411,,False,,,vedtatt,løpende,stortinget,https://www.stortinget.no/no/Saker-og-publikasjoner/Saker/Sak/?p=109767,"Prop. 1 S Tillegg 2 (2024-2025), Innst. 7 S (2024-2025)",23919,2024-12-18T20:13:35,2026-09-30T11:36:07+00:00,True
2025,144,21,"Spesielle driftsutgifter, kan overføres",13000000,13.0,,False,,,vedtatt,løpende,stortinget,https://www.stortinget.no/no/Saker-og-publikasjoner/Saker/Sak/?p=109767,"Prop. 1 S Tillegg 2 (2024-2025), Innst. 7 S (2024-2025)",23919,2024-12-18T20:13:35,2026-09-30T11:36:07+00:00,True
2025,144,70,"Utvekslingsordninger, kan overføres",153477000,153.477,,False,,,vedtatt,løpende,stortinget,https://www.stortinget.no/no/Saker-og-publikasjoner/Saker/Sak/?p=109767,"Prop. 1 S Tillegg 2 (2024-2025), Innst. 7 S (2024-2025)",23919,2024-12-18T20:13:35,2026-09-30T11:36:07+00:00,True
2025,144,71,"Rekruttering til internasjonale organisasjoner, kan overføres",75000000,75.0,,False,,,vedtatt,løpende,stortinget,https://www.stortinget.no/no/Saker-og-publikasjoner/Saker/Sak/?p=109767,"Prop. 1 S Tillegg 2 (2024-2025), Innst. 7 S (2024-2025)",23919,2024-12-18T20:13:35,2026-09-30T11:36:07+00:00,True
2025,150,70,"Nødhjelp og humanitær bistand, kan overføres",4336481000,4336.481,hum,True,grant,political,vedtatt,løpende,stortinget,https://www.stortinget.no/no/Saker-og-publikasjoner/Saker/Sak/?p=109767,"Prop. 1 S Tillegg 2 (2024-2025), Innst. 7 S (2024-2025)",23919,2024-12-18T20:13:35,2026-09-30T11:36:07+00:00,True
2025,150,71,Verdens matvareprogram (WFP),430000000,430.0,hum,True,grant,political,vedtatt,løpende,stortinget,https://www.stortinget.no/no/Saker-og-publikasjoner/Saker/Sak/?p=109767,"Prop. 1 S Tillegg 2 (2024-2025), Innst. 7 S (2024-2025)",23919,2024-12-18T20:13:35,2026-09-30T11:36:07+00:00,True
2025,151,70,"Fred og forsoning, kan overføres",395260000,395.26,peace,True,grant,political,vedtatt,løpende,stortinget,https://www.stortinget.no/no/Saker-og-publikasjoner/Saker/Sak/?p=109767,"Prop. 1 S Tillegg 2 (2024-2025), Innst. 7 S (2024-2025)",23919,2024-12-18T20:13:35,2026-09-30T11:36:07+00:00,True
2025,151,71,"Globale sikkerhetsspørsmål og nedrustning, kan overføres",132060000,132.06,peace,True,grant,political,vedtatt,løpende,stortinget,https://www.stortinget.no/no/Saker-og-publikasjoner/Saker/Sak/?p=109767,"Prop. 1 S Tillegg 2 (2024-2025), Innst. 7 S (2024-2025)",23919,2024-12-18T20:13:35,2026-09-30T11:36:07+00:00,True
2025,151,73,"FN og globale utfordringer, kan overføres",238138000,238.138,peace,True,grant,political,vedtatt,løpende,stortinget,https://www.stortinget.no/no/Saker-og-publikasjoner/Saker/Sak/?p=109767,"Prop. 1 S Tillegg 2 (2024-2025), Innst. 7 S (2024-2025)",23919,2024-12-18T20:13:35,2026-09-30T11:36:07+00:00,True
2025,151,74,Pliktige bidrag til FN-organisasjoner mv.,405220000,405.22,org,True,grant,obligatory,vedtatt,løpende,stortinget,https://www.stortinget.no/no/Saker-og-publikasjoner/Saker/Sak/?p=109767,"Prop. 1 S Tillegg 2 (2024-2025), Innst. 7 S (2024-2025)",23919,2024-12-18T20:13:35,2026-09-30T11:36:07+00:00,True
2025,152,70,"Menneskerettigheter, kan overføres",671617000,671.617,peace,True,grant,political,vedtatt,løpende,stortinget,https://www.stortinget.no/no/Saker-og-publikasjoner/Saker/Sak/?p=109767,"Prop. 1 S Tillegg 2 (2024-2025), Innst. 7 S (2024-2025)",23919,2024-12-18T20:13:35,2026-09-30T11:36:07+00:00,True
2025,152,71,FNs høykommissær for menneskerettigheter (OHCHR),197000000,197.0,peace,True,grant,political,vedtatt,løpende,stortinget,https://www.stortinget.no/no/Saker-og-publikasjoner/Saker/Sak/?p=109767,"Prop. 1 S Tillegg 2 (2024-2025), Innst. 7 S (2024-2025)",23919,2024-12-18T20:13:35,2026-09-30T11:36:07+00:00,True
2025,153,70,"Flyktninger og internt fordrevne, kan overføres",1000000000,1000.0,hum,True,grant,political,vedtatt,løpende,stortinget,https://www.stortinget.no/no/Saker-og-publikasjoner/Saker/Sak/?p=109767,"Prop. 1 S Tillegg 2 (2024-2025), Innst. 7 S (2024-2025)",23919,2024-12-18T20:13:35,2026-09-30T11:36:07+00:00,True
2025,153,71,FNs høykommissær for flyktninger (UNHCR),630000000,630.0,hum,True,grant,political,vedtatt,løpende,stortinget,https://www.stortinget.no/no/Saker-og-publikasjoner/Saker/Sak/?p=109767,"Prop. 1 S Tillegg 2 (2024-2025), Innst. 7 S (2024-2025)",23919,2024-12-18T20:13:35,2026-09-30T11:36:07+00:00,True
2025,153,72,"Bærekraftige løsninger og vertssamfunn, kan overføres",429504000,429.504,hum,True,grant,political,vedtatt,løpende,stortinget,https://www.stortinget.no/no/Saker-og-publikasjoner/Saker/Sak/?p=109767,"Prop. 1 S Tillegg 2 (2024-2025), Innst. 7 S (2024-2025)",23919,2024-12-18T20:13:35,2026-09-30T11:36:07+00:00,True
2025,159,70,"Midtøsten, kan overføres",669311000,669.311,dev,True,grant,political,vedtatt,løpende,stortinget,https://www.stortinget.no/no/Saker-og-publikasjoner/Saker/Sak/?p=109767,"Prop. 1 S Tillegg 2 (2024-2025), Innst. 7 S (2024-2025)",23919,2024-12-18T20:13:35,2026-09-30T11:36:07+00:00,True
2025,159,71,"Europa og Sentral-Asia, kan overføres",423817000,423.817,dev,True,grant,political,vedtatt,løpende,stortinget,https://www.stortinget.no/no/Saker-og-publikasjoner/Saker/Sak/?p=109767,"Prop. 1 S Tillegg 2 (2024-2025), Innst. 7 S (2024-2025)",23919,2024-12-18T20:13:35,2026-09-30T11:36:07+00:00,True
2025,159,72,"Afghanistan, kan overføres",351241000,351.241,dev,True,grant,political,vedtatt,løpende,stortinget,https://www.stortinget.no/no/Saker-og-publikasjoner/Saker/Sak/?p=109767,"Prop. 1 S Tillegg 2 (2024-2025), Innst. 7 S (2024-2025)",23919,2024-12-18T20:13:35,2026-09-30T11:36:07+00:00,True
2025,159,73,"Ukraina og naboland, kan overføres",12440500000,12440.5,ukr,True,grant,political,vedtatt,løpende,stortinget,https://www.stortinget.no/no/Saker-og-publikasjoner/Saker/Sak/?p=109767,"Prop. 1 S Tillegg 2 (2024-2025), Innst. 7 S (2024-2025)",23919,2024-12-18T20:13:35,2026-09-30T11:36:07+00:00,True
2025,159,75,"Afrika, kan overføres",2214022000,2214.022,dev,True,grant,political,vedtatt,løpende,stortinget,https://www.stortinget.no/no/Saker-og-publikasjoner/Saker/Sak/?p=109767,"Prop. 1 S Tillegg 2 (2024-2025), Innst. 7 S (2024-2025)",23919,2024-12-18T20:13:35,2026-09-30T11:36:07+00:00,True
2025,159,76,"Asia, kan overføres",436503000,436.503,dev,True,grant,political,vedtatt,løpende,stortinget,https://www.stortinget.no/no/Saker-og-publikasjoner/Saker/Sak/?p=109767,"Prop. 1 S Tillegg 2 (2024-2025), Innst. 7 S (2024-2025)",23919,2024-12-18T20:13:35,2026-09-30T11:36:07+00:00,True
2025,159,77,"Latin-Amerika og Karibia, kan overføres",158432000,158.432,dev,True,grant,political,vedtatt,løpende,stortinget,https://www.stortinget.no/no/Saker-og-publikasjoner/Saker/Sak/?p=109767,"Prop. 1 S Tillegg 2 (2024-2025), Innst. 7 S (2024-2025)",23919,2024-12-18T20:13:35,2026-09-30T11:36:07+00:00,True
2025,160,70,"Helse, kan overføres",3617881000,3617.881,dev,True,grant,political,vedtatt,løpende,stortinget,https://www.stortinget.no/no/Saker-og-publikasjoner/Saker/Sak/?p=109767,"Prop. 1 S Tillegg 2 (2024-2025), Innst. 7 S (2024-2025)",23919,2024-12-18T20:13:35,2026-09-30T11:36:07+00:00,True
2025,160,71,"Verdens helseorganisasjon (WHO), kan overføres",235500000,235.5,dev,True,grant,political,vedtatt,løpende,stortinget,https://www.stortinget.no/no/Saker-og-publikasjoner/Saker/Sak/?p=109767,"Prop. 1 S Tillegg 2 (2024-2025), Innst. 7 S (2024-2025)",23919,2024-12-18T20:13:35,2026-09-30T11:36:07+00:00,True
2025,161,70,"Utdanning, kan overføres",846798000,846.798,dev,True,grant,political,vedtatt,løpende,stortinget,https://www.stortinget.no/no/Saker-og-publikasjoner/Saker/Sak/?p=109767,"Prop. 1 S Tillegg 2 (2024-2025), Innst. 7 S (2024-2025)",23919,2024-12-18T20:13:35,2026-09-30T11:36:07+00:00,True
2025,161,71,"Forskning, kan overføres",67196000,67.196,dev,True,grant,political,vedtatt,løpende,stortinget,https://www.stortinget.no/no/Saker-og-publikasjoner/Saker/Sak/?p=109767,"Prop. 1 S Tillegg 2 (2024-2025), Innst. 7 S (2024-2025)",23919,2024-12-18T20:13:35,2026-09-30T11:36:07+00:00,True
2025,161,73,"Styresett og offentlige institusjoner, kan overføres",529723000,529.723,dev,True,grant,political,vedtatt,løpende,stortinget,https://www.stortinget.no/no/Saker-og-publikasjoner/Saker/Sak/?p=109767,"Prop. 1 S Tillegg 2 (2024-2025), Innst. 7 S (2024-2025)",23919,2024-12-18T20:13:35,2026-09-30T11:36:07+00:00,True
2025,161,74,"Norges forskningsråd – utviklingsområdet, kan overføres",202650000,202.65,dev,True,grant,political,vedtatt,løpende,stortinget,https://www.stortinget.no/no/Saker-og-publikasjoner/Saker/Sak/?p=109767,"Prop. 1 S Tillegg 2 (2024-2025), Innst. 7 S (2024-2025)",23919,2024-12-18T20:13:35,2026-09-30T11:36:07+00:00,True
2025,162,70,"Bærekraftig jobbskaping, næringsutvikling og handel, kan overføres",134536000,134.536,dev,True,grant,political,vedtatt,løpende,stortinget,https://www.stortinget.no/no/Saker-og-publikasjoner/Saker/Sak/?p=109767,"Prop. 1 S Tillegg 2 (2024-2025), Innst. 7 S (2024-2025)",23919,2024-12-18T20:13:35,2026-09-30T11:36:07+00:00,True
2025,162,71,"Matsikkerhet, fisk og landbruk, kan overføres",2127966000,2127.966,dev,True,grant,political,vedtatt,løpende,stortinget,https://www.stortinget.no/no/Saker-og-publikasjoner/Saker/Sak/?p=109767,"Prop. 1 S Tillegg 2 (2024-2025), Innst. 7 S (2024-2025)",23919,2024-12-18T20:13:35,2026-09-30T11:36:07+00:00,True
2025,162,72,"Fornybar energi, kan overføres",1019358000,1019.358,dev,True,grant,political,vedtatt,løpende,stortinget,https://www.stortinget.no/no/Saker-og-publikasjoner/Saker/Sak/?p=109767,"Prop. 1 S Tillegg 2 (2024-2025), Innst. 7 S (2024-2025)",23919,2024-12-18T20:13:35,2026-09-30T11:36:07+00:00,True
2025,162,75,Norfund – risikokapital,438288000,438.288,dev,True,grant,political,vedtatt,løpende,stortinget,https://www.stortinget.no/no/Saker-og-publikasjoner/Saker/Sak/?p=109767,"Prop. 1 S Tillegg 2 (2024-2025), Innst. 7 S (2024-2025)",23919,2024-12-18T20:13:35,2026-09-30T11:36:07+00:00,True
2025,162,76,Norfund klimainvesteringsfond – risikokapital,250000000,250.0,dev,True,grant,political,vedtatt,løpende,stortinget,https://www.stortinget.no/no/Saker-og-publikasjoner/Saker/Sak/?p=109767,"Prop. 1 S Tillegg 2 (2024-2025), Innst. 7 S (2024-2025)",23919,2024-12-18T20:13:35,2026-09-30T11:36:07+00:00,True
2025,163,70,"Miljø og klima, kan overføres",1843811000,1843.811,clim,True,grant,political,vedtatt,løpende,stortinget,https://www.stortinget.no/no/Saker-og-publikasjoner/Saker/Sak/?p=109767,"Prop. 1 S Tillegg 2 (2024-2025), Innst. 7 S (2024-2025)",23919,2024-12-18T20:13:35,2026-09-30T11:36:07+00:00,True
2025,163,71,"Bærekraftige hav og tiltak mot marin forsøpling, kan overføres",282100000,282.1,clim,True,grant,political,vedtatt,løpende,stortinget,https://www.stortinget.no/no/Saker-og-publikasjoner/Saker/Sak/?p=109767,"Prop. 1 S Tillegg 2 (2024-2025), Innst. 7 S (2024-2025)",23919,2024-12-18T20:13:35,2026-09-30T11:36:07+00:00,True
2025,164,70,"Likestilling, kan overføres",233319000,233.319,dev,True,grant,political,vedtatt,løpende,stortinget,https://www.stortinget.no/no/Saker-og-publikasjoner/Saker/Sak/?p=109767,"Prop. 1 S Tillegg 2 (2024-2025), Innst. 7 S (2024-2025)",23919,2024-12-18T20:13:35,2026-09-30T11:36:07+00:00,True
2025,164,71,FNs organisasjon for kvinners rettigheter og likestilling (UN Women),100300000,100.3,dev,True,grant,political,vedtatt,løpende,stortinget,https://www.stortinget.no/no/Saker-og-publikasjoner/Saker/Sak/?p=109767,"Prop. 1 S Tillegg 2 (2024-2025), Innst. 7 S (2024-2025)",23919,2024-12-18T20:13:35,2026-09-30T11:36:07+00:00,True
2025,164,72,FNs befolkningsfond (UNFPA),589600000,589.6,dev,True,grant,political,vedtatt,løpende,stortinget,https://www.stortinget.no/no/Saker-og-publikasjoner/Saker/Sak/?p=109767,"Prop. 1 S Tillegg 2 (2024-2025), Innst. 7 S (2024-2025)",23919,2024-12-18T20:13:35,2026-09-30T11:36:07+00:00,True
2025,170,70,"Sivilt samfunn, kan overføres",2570665000,2570.665,dev,True,grant,political,vedtatt,løpende,stortinget,https://www.stortinget.no/no/Saker-og-publikasjoner/Saker/Sak/?p=109767,"Prop. 1 S Tillegg 2 (2024-2025), Innst. 7 S (2024-2025)",23919,2024-12-18T20:13:35,2026-09-30T11:36:07+00:00,True
2025,171,70,FNs utviklingsprogram (UNDP),454400000,454.4,org,True,grant,political,vedtatt,løpende,stortinget,https://www.stortinget.no/no/Saker-og-publikasjoner/Saker/Sak/?p=109767,"Prop. 1 S Tillegg 2 (2024-2025), Innst. 7 S (2024-2025)",23919,2024-12-18T20:13:35,2026-09-30T11:36:07+00:00,True
2025,171,71,FNs barnefond (UNICEF),480600000,480.6,org,True,grant,political,vedtatt,løpende,stortinget,https://www.stortinget.no/no/Saker-og-publikasjoner/Saker/Sak/?p=109767,"Prop. 1 S Tillegg 2 (2024-2025), Innst. 7 S (2024-2025)",23919,2024-12-18T20:13:35,2026-09-30T11:36:07+00:00,True
2025,171,73,"FN og multilateralt samarbeid, kan overføres",11200000,11.2,org,True,grant,political,vedtatt,løpende,stortinget,https://www.stortinget.no/no/Saker-og-publikasjoner/Saker/Sak/?p=109767,"Prop. 1 S Tillegg 2 (2024-2025), Innst. 7 S (2024-2025)",23919,2024-12-18T20:13:35,2026-09-30T11:36:07+00:00,True
2025,172,70,"Verdensbanken, kan overføres",1415109000,1415.109,org,True,grant,political,vedtatt,løpende,stortinget,https://www.stortinget.no/no/Saker-og-publikasjoner/Saker/Sak/?p=109767,"Prop. 1 S Tillegg 2 (2024-2025), Innst. 7 S (2024-2025)",23919,2024-12-18T20:13:35,2026-09-30T11:36:07+00:00,True
2025,172,71,"Regionale banker og fond, kan overføres",1103100000,1103.1,org,True,grant,political,vedtatt,løpende,stortinget,https://www.stortinget.no/no/Saker-og-publikasjoner/Saker/Sak/?p=109767,"Prop. 1 S Tillegg 2 (2024-2025), Innst. 7 S (2024-2025)",23919,2024-12-18T20:13:35,2026-09-30T11:36:07+00:00,True
2025,172,72,"Strategisk samarbeid, kan overføres",43400000,43.4,org,True,grant,political,vedtatt,løpende,stortinget,https://www.stortinget.no/no/Saker-og-publikasjoner/Saker/Sak/?p=109767,"Prop. 1 S Tillegg 2 (2024-2025), Innst. 7 S (2024-2025)",23919,2024-12-18T20:13:35,2026-09-30T11:36:07+00:00,True
2025,172,73,"gjeldsslette, kan overføres",407080000,407.08,dev,True,grant,political,vedtatt,løpende,stortinget,https://www.stortinget.no/no/Saker-og-publikasjoner/Saker/Sak/?p=109767,"Prop. 1 S Tillegg 2 (2024-2025), Innst. 7 S (2024-2025)",23919,2024-12-18T20:13:35,2026-09-30T11:36:07+00:00,True
2025,179,21,Spesielle driftsutgifter,4106133000,4106.133,,False,,,vedtatt,løpende,stortinget,https://www.stortinget.no/no/Saker-og-publikasjoner/Saker/Sak/?p=109767,"Prop. 1 S Tillegg 2 (2024-2025), Innst. 7 S (2024-2025)",23919,2024-12-18T20:13:35,2026-09-30T11:36:07+00:00,True
2025,1700,1,Driftsutgifter,903556000,903.556,,False,,,vedtatt,løpende,stortinget,https://www.stortinget.no/no/Saker-og-publikasjoner/Saker/Sak/?p=109767,"Prop. 1 S Tillegg 2 (2024-2025), Innst. 7 S (2024-2025)",23920,2024-12-18T20:13:56,2026-09-30T11:36:07+00:00,True
2025,1700,21,"Spesielle driftsutgifter, overslagsbevilgning",160423000,160.423,,False,,,vedtatt,løpende,stortinget,https://www.stortinget.no/no/Saker-og-publikasjoner/Saker/Sak/?p=109767,"Prop. 1 S Tillegg 2 (2024-2025), Innst. 7 S (2024-2025)",23920,2024-12-18T20:13:56,2026-09-30T11:36:07+00:00,True
2025,1700,22,"IKT-virksomhet, kan overføres",472879000,472.879,,False,,,vedtatt,løpende,stortinget,https://www.stortinget.no/no/Saker-og-publikasjoner/Saker/Sak/?p=109767,"Prop. 1 S Tillegg 2 (2024-2025), Innst. 7 S (2024-2025)",23920,2024-12-18T20:13:56,2026-09-30T11:36:07+00:00,True
2025,1700,43,"Til disposisjon for Forsvarsdepartementet, kan overføres",6620000,6.62,,False,,,vedtatt,løpende,stortinget,https://www.stortinget.no/no/Saker-og-publikasjoner/Saker/Sak/?p=109767,"Prop. 1 S Tillegg 2 (2024-2025), Innst. 7 S (2024-2025)",23920,2024-12-18T20:13:56,2026-09-30T11:36:07+00:00,True
2025,1700,52,Overføringer til statlige forvaltningsorganer,6008000,6.008,,False,,,vedtatt,løpende,stortinget,https://www.stortinget.no/no/Saker-og-publikasjoner/Saker/Sak/?p=109767,"Prop. 1 S Tillegg 2 (2024-2025), Innst. 7 S (2024-2025)",23920,2024-12-18T20:13:56,2026-09-30T11:36:07+00:00,True
2025,1700,53,"Risikokapital, NATO innovasjonsfond",13590000,13.59,,False,,,vedtatt,løpende,stortinget,https://www.stortinget.no/no/Saker-og-publikasjoner/Saker/Sak/?p=109767,"Prop. 1 S Tillegg 2 (2024-2025), Innst. 7 S (2024-2025)",23920,2024-12-18T20:13:56,2026-09-30T11:36:07+00:00,True
2025,1700,60,Overføringer til kommuner og fylkeskommuner,2980000,2.98,,False,,,vedtatt,løpende,stortinget,https://www.stortinget.no/no/Saker-og-publikasjoner/Saker/Sak/?p=109767,"Prop. 1 S Tillegg 2 (2024-2025), Innst. 7 S (2024-2025)",23920,2024-12-18T20:13:56,2026-09-30T11:36:07+00:00,True
2025,1700,71,"Overføringer til andre, kan overføres",94995000,94.995,,False,,,vedtatt,løpende,stortinget,https://www.stortinget.no/no/Saker-og-publikasjoner/Saker/Sak/?p=109767,"Prop. 1 S Tillegg 2 (2024-2025), Innst. 7 S (2024-2025)",23920,2024-12-18T20:13:56,2026-09-30T11:36:07+00:00,True
2025,1700,72,"Tilskudd til Norges forskningsråd, kan overføres",64994000,64.994,,False,,,vedtatt,løpende,stortinget,https://www.stortinget.no/no/Saker-og-publikasjoner/Saker/Sak/?p=109767,"Prop. 1 S Tillegg 2 (2024-2025), Innst. 7 S (2024-2025)",23920,2024-12-18T20:13:56,2026-09-30T11:36:07+00:00,True
2025,1700,73,"Forskning og utvikling, kan overføres",160744000,160.744,,False,,,vedtatt,løpende,stortinget,https://www.stortinget.no/no/Saker-og-publikasjoner/Saker/Sak/?p=109767,"Prop. 1 S Tillegg 2 (2024-2025), Innst. 7 S (2024-2025)",23920,2024-12-18T20:13:56,2026-09-30T11:36:07+00:00,True
2025,1700,78,"Norges tilskudd til NATOs og internasjonale driftsbudsjetter, kan overføres",1943649000,1943.649,def,True,membership,treaty,vedtatt,løpende,stortinget,https://www.stortinget.no/no/Saker-og-publikasjoner/Saker/Sak/?p=109767,"Prop. 1 S Tillegg 2 (2024-2025), Innst. 7 S (2024-2025)",23920,2024-12-18T20:13:56,2026-09-30T11:36:07+00:00,True
2025,1700,79,"Militær støtte til Ukraina, kan overføres, kan nyttes under kap. 1710 post 1 og 47, kap. 1720 post 1 og kap. 1760 post 1 og 45",17006150000,17006.15,ukr,True,grant,political,vedtatt,løpende,stortinget,https://www.stortinget.no/no/Saker-og-publikasjoner/Saker/Sak/?p=109767,"Prop. 1 S Tillegg 2 (2024-2025), Innst. 7 S (2024-2025)",23920,2024-12-18T20:13:56,2026-09-30T11:36:07+00:00,True
2025,1710,1,"Driftsutgifter, kan overføres",7400174000,7400.174,,False,,,vedtatt,løpende,stortinget,https://www.stortinget.no/no/Saker-og-publikasjoner/Saker/Sak/?p=109767,"Prop. 1 S Tillegg 2 (2024-2025), Innst. 7 S (2024-2025)",23920,2024-12-18T20:13:56,2026-09-30T11:36:07+00:00,True
2025,1710,47,"Nybygg og nyanlegg, kan overføres",5892441000,5892.441,,False,,,vedtatt,løpende,stortinget,https://www.stortinget.no/no/Saker-og-publikasjoner/Saker/Sak/?p=109767,"Prop. 1 S Tillegg 2 (2024-2025), Innst. 7 S (2024-2025)",23920,2024-12-18T20:13:56,2026-09-30T11:36:07+00:00,True
2025,1716,51,Tilskudd til Forsvarets forskningsinstitutt,352701000,352.701,,False,,,vedtatt,løpende,stortinget,https://www.stortinget.no/no/Saker-og-publikasjoner/Saker/Sak/?p=109767,"Prop. 1 S Tillegg 2 (2024-2025), Innst. 7 S (2024-2025)",23920,2024-12-18T20:13:56,2026-09-30T11:36:07+00:00,True
2025,1720,1,Driftsutgifter,46539225000,46539.225,,False,,,vedtatt,løpende,stortinget,https://www.stortinget.no/no/Saker-og-publikasjoner/Saker/Sak/?p=109767,"Prop. 1 S Tillegg 2 (2024-2025), Innst. 7 S (2024-2025)",23920,2024-12-18T20:13:56,2026-09-30T11:36:07+00:00,True
2025,1720,71,"Overføringer til andre, kan overføres",49500000,49.5,,False,,,vedtatt,løpende,stortinget,https://www.stortinget.no/no/Saker-og-publikasjoner/Saker/Sak/?p=109767,"Prop. 1 S Tillegg 2 (2024-2025), Innst. 7 S (2024-2025)",23920,2024-12-18T20:13:56,2026-09-30T11:36:07+00:00,True
2025,1730,1,Driftsutgifter,176113000,176.113,,False,,,vedtatt,løpende,stortinget,https://www.stortinget.no/no/Saker-og-publikasjoner/Saker/Sak/?p=109767,"Prop. 1 S Tillegg 2 (2024-2025), Innst. 7 S (2024-2025)",23920,2024-12-18T20:13:56,2026-09-30T11:36:07+00:00,True
2025,1730,71,"Overføringer til andre, kan overføres",2575000,2.575,,False,,,vedtatt,løpende,stortinget,https://www.stortinget.no/no/Saker-og-publikasjoner/Saker/Sak/?p=109767,"Prop. 1 S Tillegg 2 (2024-2025), Innst. 7 S (2024-2025)",23920,2024-12-18T20:13:56,2026-09-30T11:36:07+00:00,True
2025,1735,21,Spesielle driftsutgifter,4299296000,4299.296,,False,,,vedtatt,løpende,stortinget,https://www.stortinget.no/no/Saker-og-publikasjoner/Saker/Sak/?p=109767,"Prop. 1 S Tillegg 2 (2024-2025), Innst. 7 S (2024-2025)",23920,2024-12-18T20:13:56,2026-09-30T11:36:07+00:00,True
2025,1740,1,"Driftsutgifter, kan overføres",608387000,608.387,,False,,,vedtatt,løpende,stortinget,https://www.stortinget.no/no/Saker-og-publikasjoner/Saker/Sak/?p=109767,"Prop. 1 S Tillegg 2 (2024-2025), Innst. 7 S (2024-2025)",23920,2024-12-18T20:13:56,2026-09-30T11:36:07+00:00,True
2025,1760,1,"Driftsutgifter, kan nyttes under kap. 1760 post 45",2549575000,2549.575,,False,,,vedtatt,løpende,stortinget,https://www.stortinget.no/no/Saker-og-publikasjoner/Saker/Sak/?p=109767,"Prop. 1 S Tillegg 2 (2024-2025), Innst. 7 S (2024-2025)",23920,2024-12-18T20:13:56,2026-09-30T11:36:07+00:00,True
2025,1760,44,"Fellesfinansierte investeringer, nasjonalfinansiert andel, kan overføres",256733000,256.733,,False,,,vedtatt,løpende,stortinget,https://www.stortinget.no/no/Saker-og-publikasjoner/Saker/Sak/?p=109767,"Prop. 1 S Tillegg 2 (2024-2025), Innst. 7 S (2024-2025)",23920,2024-12-18T20:13:56,2026-09-30T11:36:07+00:00,True
2025,1760,45,"Større utstyrsanskaffelser og vedlikehold, kan overføres",34476213000,34476.213,,False,,,vedtatt,løpende,stortinget,https://www.stortinget.no/no/Saker-og-publikasjoner/Saker/Sak/?p=109767,"Prop. 1 S Tillegg 2 (2024-2025), Innst. 7 S (2024-2025)",23920,2024-12-18T20:13:56,2026-09-30T11:36:07+00:00,True
2025,1760,48,"Fellesfinansierte investeringer, fellesfinansiert andel, kan overføres",650000000,650.0,,False,,,vedtatt,løpende,stortinget,https://www.stortinget.no/no/Saker-og-publikasjoner/Saker/Sak/?p=109767,"Prop. 1 S Tillegg 2 (2024-2025), Innst. 7 S (2024-2025)",23920,2024-12-18T20:13:56,2026-09-30T11:36:07+00:00,True
2025,1760,75,"Fellesfinansierte investeringer, Norges tilskudd til NATOs investeringsprogram for sikkerhet, kan overføres, kan nyttes under kap. 1760 post 44",348396000,348.396,def,True,membership,treaty,vedtatt,løpende,stortinget,https://www.stortinget.no/no/Saker-og-publikasjoner/Saker/Sak/?p=109767,"Prop. 1 S Tillegg 2 (2024-2025), Innst. 7 S (2024-2025)",23920,2024-12-18T20:13:56,2026-09-30T11:36:07+00:00,True
2025,1791,1,Driftsutgifter,607429000,607.429,,False,,,vedtatt,løpende,stortinget,https://www.stortinget.no/no/Saker-og-publikasjoner/Saker/Sak/?p=109767,"Prop. 1 S Tillegg 2 (2024-2025), Innst. 7 S (2024-2025)",23920,2024-12-18T20:13:56,2026-09-30T11:36:07+00:00,True
2026,100,90,Lån til norske borgere i utlandet,450000,0.45,,False,,,vedtatt,løpende,stortinget,https://www.stortinget.no/no/Saker-og-publikasjoner/Saker/Sak/?p=104917,"Prop. 1 S (2025-2026), Innst. 5 S (2025-2026)",26648,2025-12-22T11:12:02,2026-09-30T11:36:07+00:00,True
2026,165,90,Grunnfondskapital utviklingsmandatet,1239864000,1239.864,dev,True,capital,political,vedtatt,løpende,stortinget,https://www.stortinget.no/no/Saker-og-publikasjoner/Saker/Sak/?p=104917,"Prop. 1 S (2025-2026), Innst. 5 S (2025-2026)",26648,2025-12-22T11:12:02,2026-09-30T11:36:07+00:00,True
2026,165,91,Kapitalpåfylling Klimainvesteringsfondet,750000000,750.0,dev,True,capital,political,vedtatt,løpende,stortinget,https://www.stortinget.no/no/Saker-og-publikasjoner/Saker/Sak/?p=104917,"Prop. 1 S (2025-2026), Innst. 5 S (2025-2026)",26648,2025-12-22T11:12:02,2026-09-30T11:36:07+00:00,True
2026,165,92,Kapitalpåfylling Ukraina-fondet,250000000,250.0,dev,True,capital,political,vedtatt,løpende,stortinget,https://www.stortinget.no/no/Saker-og-publikasjoner/Saker/Sak/?p=104917,"Prop. 1 S (2025-2026), Innst. 5 S (2025-2026)",26648,2025-12-22T11:12:02,2026-09-30T11:36:07+00:00,True
2026,1700,90,"Kapitalinnskudd, NATO innovasjonsfond",27119000,27.119,,False,,,vedtatt,løpende,stortinget,https://www.stortinget.no/no/Saker-og-publikasjoner/Saker/Sak/?p=104917,"Prop. 1 S (2025-2026), Innst. 5 S (2025-2026)",26648,2025-12-22T11:12:02,2026-09-30T11:36:07+00:00,True
2026,100,1,Driftsutgifter,5030834000,5030.834,,False,,,vedtatt,løpende,stortinget,https://www.stortinget.no/no/Saker-og-publikasjoner/Saker/Sak/?p=104900,"Prop. 1 S (2025-2026), Innst. 7 S (2025-2026)",26640,2025-12-19T15:00:51,2026-09-30T11:36:07+00:00,True
2026,100,21,"Spesielle driftsutgifter, kan overføres",17410000,17.41,,False,,,vedtatt,løpende,stortinget,https://www.stortinget.no/no/Saker-og-publikasjoner/Saker/Sak/?p=104900,"Prop. 1 S (2025-2026), Innst. 7 S (2025-2026)",26640,2025-12-19T15:00:51,2026-09-30T11:36:07+00:00,True
2026,100,45,"Større utstyrsanskaffelser og vedlikehold, kan overføres",113804000,113.804,,False,,,vedtatt,løpende,stortinget,https://www.stortinget.no/no/Saker-og-publikasjoner/Saker/Sak/?p=104900,"Prop. 1 S (2025-2026), Innst. 7 S (2025-2026)",26640,2025-12-19T15:00:51,2026-09-30T11:36:07+00:00,True
2026,100,70,Erstatning av skader på utenlandske ambassader,1395000,1.395,,False,,,vedtatt,løpende,stortinget,https://www.stortinget.no/no/Saker-og-publikasjoner/Saker/Sak/?p=104900,"Prop. 1 S (2025-2026), Innst. 7 S (2025-2026)",26640,2025-12-19T15:00:51,2026-09-30T11:36:07+00:00,True
2026,100,71,Hjelp til norske borgere i utlandet,162000,0.162,,False,,,vedtatt,løpende,stortinget,https://www.stortinget.no/no/Saker-og-publikasjoner/Saker/Sak/?p=104900,"Prop. 1 S (2025-2026), Innst. 7 S (2025-2026)",26640,2025-12-19T15:00:51,2026-09-30T11:36:07+00:00,True
2026,103,1,Driftsutgifter,61354000,61.354,,False,,,vedtatt,løpende,stortinget,https://www.stortinget.no/no/Saker-og-publikasjoner/Saker/Sak/?p=104900,"Prop. 1 S (2025-2026), Innst. 7 S (2025-2026)",26640,2025-12-19T15:00:51,2026-09-30T11:36:07+00:00,True
2026,104,1,Driftsutgifter,8790000,8.79,,False,,,vedtatt,løpende,stortinget,https://www.stortinget.no/no/Saker-og-publikasjoner/Saker/Sak/?p=104900,"Prop. 1 S (2025-2026), Innst. 7 S (2025-2026)",26640,2025-12-19T15:00:51,2026-09-30T11:36:07+00:00,True
2026,105,1,Driftsutgifter,66451000,66.451,,False,,,vedtatt,løpende,stortinget,https://www.stortinget.no/no/Saker-og-publikasjoner/Saker/Sak/?p=104900,"Prop. 1 S (2025-2026), Innst. 7 S (2025-2026)",26640,2025-12-19T15:00:51,2026-09-30T11:36:07+00:00,True
2026,115,21,"Spesielle driftsutgifter – kulturfremme, kan overføres, kan nyttes under post 70",10988000,10.988,,False,,,vedtatt,løpende,stortinget,https://www.stortinget.no/no/Saker-og-publikasjoner/Saker/Sak/?p=104900,"Prop. 1 S (2025-2026), Innst. 7 S (2025-2026)",26640,2025-12-19T15:00:51,2026-09-30T11:36:07+00:00,True
2026,115,22,"Spesielle driftsutgifter – næringsfremme, kan overføres, kan nyttes under post 71",13186000,13.186,,False,,,vedtatt,løpende,stortinget,https://www.stortinget.no/no/Saker-og-publikasjoner/Saker/Sak/?p=104900,"Prop. 1 S (2025-2026), Innst. 7 S (2025-2026)",26640,2025-12-19T15:00:51,2026-09-30T11:36:07+00:00,True
2026,115,70,"Kultur- og informasjonsformål, kan overføres, kan nyttes under post 21",38241000,38.241,,False,,,vedtatt,løpende,stortinget,https://www.stortinget.no/no/Saker-og-publikasjoner/Saker/Sak/?p=104900,"Prop. 1 S (2025-2026), Innst. 7 S (2025-2026)",26640,2025-12-19T15:00:51,2026-09-30T11:36:07+00:00,True
2026,115,71,"Næringsfremme, kan overføres, kan nyttes under post 22",12936000,12.936,,False,,,vedtatt,løpende,stortinget,https://www.stortinget.no/no/Saker-og-publikasjoner/Saker/Sak/?p=104900,"Prop. 1 S (2025-2026), Innst. 7 S (2025-2026)",26640,2025-12-19T15:00:51,2026-09-30T11:36:07+00:00,True
2026,116,70,Pliktige bidrag,1772894000,1772.894,org,True,grant,obligatory,vedtatt,løpende,stortinget,https://www.stortinget.no/no/Saker-og-publikasjoner/Saker/Sak/?p=104900,"Prop. 1 S (2025-2026), Innst. 7 S (2025-2026)",26640,2025-12-19T15:00:51,2026-09-30T11:36:07+00:00,True
2026,117,79,"EØS-finansieringsordningen 2021–2028, kan overføres",819000000,819.0,eea,True,grant,agreement,vedtatt,løpende,stortinget,https://www.stortinget.no/no/Saker-og-publikasjoner/Saker/Sak/?p=104900,"Prop. 1 S (2025-2026), Innst. 7 S (2025-2026)",26640,2025-12-19T15:00:51,2026-09-30T11:36:07+00:00,True
2026,117,80,"Den norske finansieringsordningen 2021–2028, kan overføres",747000000,747.0,eea,True,grant,agreement,vedtatt,løpende,stortinget,https://www.stortinget.no/no/Saker-og-publikasjoner/Saker/Sak/?p=104900,"Prop. 1 S (2025-2026), Innst. 7 S (2025-2026)",26640,2025-12-19T15:00:51,2026-09-30T11:36:07+00:00,True
2026,118,21,"Spesielle driftsutgifter, kan overføres, kan nyttes under post 71, 72, 73 og 76",72776000,72.776,,False,,,vedtatt,løpende,stortinget,https://www.stortinget.no/no/Saker-og-publikasjoner/Saker/Sak/?p=104900,"Prop. 1 S (2025-2026), Innst. 7 S (2025-2026)",26640,2025-12-19T15:00:51,2026-09-30T11:36:07+00:00,True
2026,118,71,"Globale sikkerhetsspørsmål, kan overføres, kan nyttes under post 21",3450000,3.45,,False,,,vedtatt,løpende,stortinget,https://www.stortinget.no/no/Saker-og-publikasjoner/Saker/Sak/?p=104900,"Prop. 1 S (2025-2026), Innst. 7 S (2025-2026)",26640,2025-12-19T15:00:51,2026-09-30T11:36:07+00:00,True
2026,118,72,"Nedrustning, ikke-spredning og kjernefysisk sikkerhet mv., kan overføres, kan nyttes under post 21",31190000,31.19,,False,,,vedtatt,løpende,stortinget,https://www.stortinget.no/no/Saker-og-publikasjoner/Saker/Sak/?p=104900,"Prop. 1 S (2025-2026), Innst. 7 S (2025-2026)",26640,2025-12-19T15:00:51,2026-09-30T11:36:07+00:00,True
2026,118,73,"Klima, miljøtiltak og hav mv., kan overføres, kan nyttes under post 21",11778000,11.778,,False,,,vedtatt,løpende,stortinget,https://www.stortinget.no/no/Saker-og-publikasjoner/Saker/Sak/?p=104900,"Prop. 1 S (2025-2026), Innst. 7 S (2025-2026)",26640,2025-12-19T15:00:51,2026-09-30T11:36:07+00:00,True
2026,118,74,"Forskning, dialog og menneskerettigheter mv.",37444000,37.444,,False,,,vedtatt,løpende,stortinget,https://www.stortinget.no/no/Saker-og-publikasjoner/Saker/Sak/?p=104900,"Prop. 1 S (2025-2026), Innst. 7 S (2025-2026)",26640,2025-12-19T15:00:51,2026-09-30T11:36:07+00:00,True
2026,118,76,"Russland, kan overføres, kan nyttes under post 21",29600000,29.6,,False,,,vedtatt,løpende,stortinget,https://www.stortinget.no/no/Saker-og-publikasjoner/Saker/Sak/?p=104900,"Prop. 1 S (2025-2026), Innst. 7 S (2025-2026)",26640,2025-12-19T15:00:51,2026-09-30T11:36:07+00:00,True
2026,118,77,"Norges forskningsråd – utenriksområdet, kan overføres",60000000,60.0,,False,,,vedtatt,løpende,stortinget,https://www.stortinget.no/no/Saker-og-publikasjoner/Saker/Sak/?p=104900,"Prop. 1 S (2025-2026), Innst. 7 S (2025-2026)",26640,2025-12-19T15:00:51,2026-09-30T11:36:07+00:00,True
2026,140,21,"Spesielle driftsutgifter, kan overføres",99506000,99.506,,False,,,vedtatt,løpende,stortinget,https://www.stortinget.no/no/Saker-og-publikasjoner/Saker/Sak/?p=104900,"Prop. 1 S (2025-2026), Innst. 7 S (2025-2026)",26640,2025-12-19T15:00:51,2026-09-30T11:36:07+00:00,True
2026,141,1,Driftsutgifter,442386000,442.386,,False,,,vedtatt,løpende,stortinget,https://www.stortinget.no/no/Saker-og-publikasjoner/Saker/Sak/?p=104900,"Prop. 1 S (2025-2026), Innst. 7 S (2025-2026)",26640,2025-12-19T15:00:51,2026-09-30T11:36:07+00:00,True
2026,141,21,"Spesielle driftsutgifter, kan overføres",30541000,30.541,,False,,,vedtatt,løpende,stortinget,https://www.stortinget.no/no/Saker-og-publikasjoner/Saker/Sak/?p=104900,"Prop. 1 S (2025-2026), Innst. 7 S (2025-2026)",26640,2025-12-19T15:00:51,2026-09-30T11:36:07+00:00,True
2026,144,1,Driftsutgifter,79009000,79.009,,False,,,vedtatt,løpende,stortinget,https://www.stortinget.no/no/Saker-og-publikasjoner/Saker/Sak/?p=104900,"Prop. 1 S (2025-2026), Innst. 7 S (2025-2026)",26640,2025-12-19T15:00:51,2026-09-30T11:36:07+00:00,True
2026,144,21,"Spesielle driftsutgifter, kan overføres",13468000,13.468,,False,,,vedtatt,løpende,stortinget,https://www.stortinget.no/no/Saker-og-publikasjoner/Saker/Sak/?p=104900,"Prop. 1 S (2025-2026), Innst. 7 S (2025-2026)",26640,2025-12-19T15:00:51,2026-09-30T11:36:07+00:00,True
2026,144,70,"Utvekslingsordninger, kan overføres",153477000,153.477,,False,,,vedtatt,løpende,stortinget,https://www.stortinget.no/no/Saker-og-publikasjoner/Saker/Sak/?p=104900,"Prop. 1 S (2025-2026), Innst. 7 S (2025-2026)",26640,2025-12-19T15:00:51,2026-09-30T11:36:07+00:00,True
2026,144,71,"Rekruttering til internasjonale organisasjoner, kan overføres",70000000,70.0,,False,,,vedtatt,løpende,stortinget,https://www.stortinget.no/no/Saker-og-publikasjoner/Saker/Sak/?p=104900,"Prop. 1 S (2025-2026), Innst. 7 S (2025-2026)",26640,2025-12-19T15:00:51,2026-09-30T11:36:07+00:00,True
2026,150,70,"Nødhjelp og humanitær bistand, kan overføres",4836481000,4836.481,hum,True,grant,political,vedtatt,løpende,stortinget,https://www.stortinget.no/no/Saker-og-publikasjoner/Saker/Sak/?p=104900,"Prop. 1 S (2025-2026), Innst. 7 S (2025-2026)",26640,2025-12-19T15:00:51,2026-09-30T11:36:07+00:00,True
2026,150,71,Verdens matvareprogram (WFP),430000000,430.0,hum,True,grant,political,vedtatt,løpende,stortinget,https://www.stortinget.no/no/Saker-og-publikasjoner/Saker/Sak/?p=104900,"Prop. 1 S (2025-2026), Innst. 7 S (2025-2026)",26640,2025-12-19T15:00:51,2026-09-30T11:36:07+00:00,True
2026,150,72,FNs høykommissær for flyktninger (UNHCR),630000000,630.0,hum,True,grant,political,vedtatt,løpende,stortinget,https://www.stortinget.no/no/Saker-og-publikasjoner/Saker/Sak/?p=104900,"Prop. 1 S (2025-2026), Innst. 7 S (2025-2026)",26640,2025-12-19T15:00:51,2026-09-30T11:36:07+00:00,True
2026,151,70,"Fred og konfliktløsning, kan overføres",395260000,395.26,peace,True,grant,political,vedtatt,løpende,stortinget,https://www.stortinget.no/no/Saker-og-publikasjoner/Saker/Sak/?p=104900,"Prop. 1 S (2025-2026), Innst. 7 S (2025-2026)",26640,2025-12-19T15:00:51,2026-09-30T11:36:07+00:00,True
2026,151,71,"Globale sikkerhetsspørsmål og nedrustning, kan overføres",103420000,103.42,peace,True,grant,political,vedtatt,løpende,stortinget,https://www.stortinget.no/no/Saker-og-publikasjoner/Saker/Sak/?p=104900,"Prop. 1 S (2025-2026), Innst. 7 S (2025-2026)",26640,2025-12-19T15:00:51,2026-09-30T11:36:07+00:00,True
2026,151,73,"FNs innsats for reform og fredsbygging, kan overføres",238138000,238.138,peace,True,grant,political,vedtatt,løpende,stortinget,https://www.stortinget.no/no/Saker-og-publikasjoner/Saker/Sak/?p=104900,"Prop. 1 S (2025-2026), Innst. 7 S (2025-2026)",26640,2025-12-19T15:00:51,2026-09-30T11:36:07+00:00,True
2026,151,74,Pliktige bidrag til FN-organisasjoner mv.,417386000,417.386,org,True,grant,obligatory,vedtatt,løpende,stortinget,https://www.stortinget.no/no/Saker-og-publikasjoner/Saker/Sak/?p=104900,"Prop. 1 S (2025-2026), Innst. 7 S (2025-2026)",26640,2025-12-19T15:00:51,2026-09-30T11:36:07+00:00,True
2026,152,70,"Menneskerettigheter, kan overføres",683993000,683.993,peace,True,grant,political,vedtatt,løpende,stortinget,https://www.stortinget.no/no/Saker-og-publikasjoner/Saker/Sak/?p=104900,"Prop. 1 S (2025-2026), Innst. 7 S (2025-2026)",26640,2025-12-19T15:00:51,2026-09-30T11:36:07+00:00,True
2026,152,71,FNs høykommissær for menneskerettigheter (OHCHR),197000000,197.0,peace,True,grant,political,vedtatt,løpende,stortinget,https://www.stortinget.no/no/Saker-og-publikasjoner/Saker/Sak/?p=104900,"Prop. 1 S (2025-2026), Innst. 7 S (2025-2026)",26640,2025-12-19T15:00:51,2026-09-30T11:36:07+00:00,True
2026,159,70,"Midtøsten og Nord-Afrika, kan overføres",1038815000,1038.815,dev,True,grant,political,vedtatt,løpende,stortinget,https://www.stortinget.no/no/Saker-og-publikasjoner/Saker/Sak/?p=104900,"Prop. 1 S (2025-2026), Innst. 7 S (2025-2026)",26640,2025-12-19T15:00:51,2026-09-30T11:36:07+00:00,True
2026,159,71,"Europa og Sentral-Asia, kan overføres",343817000,343.817,dev,True,grant,political,vedtatt,løpende,stortinget,https://www.stortinget.no/no/Saker-og-publikasjoner/Saker/Sak/?p=104900,"Prop. 1 S (2025-2026), Innst. 7 S (2025-2026)",26640,2025-12-19T15:00:51,2026-09-30T11:36:07+00:00,True
2026,159,72,"Afghanistan, kan overføres",316241000,316.241,dev,True,grant,political,vedtatt,løpende,stortinget,https://www.stortinget.no/no/Saker-og-publikasjoner/Saker/Sak/?p=104900,"Prop. 1 S (2025-2026), Innst. 7 S (2025-2026)",26640,2025-12-19T15:00:51,2026-09-30T11:36:07+00:00,True
2026,159,73,"Ukraina og naboland, kan overføres",14413100000,14413.1,ukr,True,grant,political,vedtatt,løpende,stortinget,https://www.stortinget.no/no/Saker-og-publikasjoner/Saker/Sak/?p=104900,"Prop. 1 S (2025-2026), Innst. 7 S (2025-2026)",26640,2025-12-19T15:00:51,2026-09-30T11:36:07+00:00,True
2026,159,75,"Afrika, kan overføres",1859022000,1859.022,dev,True,grant,political,vedtatt,løpende,stortinget,https://www.stortinget.no/no/Saker-og-publikasjoner/Saker/Sak/?p=104900,"Prop. 1 S (2025-2026), Innst. 7 S (2025-2026)",26640,2025-12-19T15:00:51,2026-09-30T11:36:07+00:00,True
2026,159,76,"Asia, kan overføres",421503000,421.503,dev,True,grant,political,vedtatt,løpende,stortinget,https://www.stortinget.no/no/Saker-og-publikasjoner/Saker/Sak/?p=104900,"Prop. 1 S (2025-2026), Innst. 7 S (2025-2026)",26640,2025-12-19T15:00:51,2026-09-30T11:36:07+00:00,True
2026,159,77,"Latin-Amerika og Karibia, kan overføres",143432000,143.432,dev,True,grant,political,vedtatt,løpende,stortinget,https://www.stortinget.no/no/Saker-og-publikasjoner/Saker/Sak/?p=104900,"Prop. 1 S (2025-2026), Innst. 7 S (2025-2026)",26640,2025-12-19T15:00:51,2026-09-30T11:36:07+00:00,True
2026,160,70,"Helse, kan overføres",3598381000,3598.381,dev,True,grant,political,vedtatt,løpende,stortinget,https://www.stortinget.no/no/Saker-og-publikasjoner/Saker/Sak/?p=104900,"Prop. 1 S (2025-2026), Innst. 7 S (2025-2026)",26640,2025-12-19T15:00:51,2026-09-30T11:36:07+00:00,True
2026,160,71,Verdens helseorganisasjon (WHO),255000000,255.0,dev,True,grant,political,vedtatt,løpende,stortinget,https://www.stortinget.no/no/Saker-og-publikasjoner/Saker/Sak/?p=104900,"Prop. 1 S (2025-2026), Innst. 7 S (2025-2026)",26640,2025-12-19T15:00:51,2026-09-30T11:36:07+00:00,True
2026,161,70,"Utdanning, kan overføres",646798000,646.798,dev,True,grant,political,vedtatt,løpende,stortinget,https://www.stortinget.no/no/Saker-og-publikasjoner/Saker/Sak/?p=104900,"Prop. 1 S (2025-2026), Innst. 7 S (2025-2026)",26640,2025-12-19T15:00:51,2026-09-30T11:36:07+00:00,True
2026,161,71,"Forskning, kan overføres",67196000,67.196,dev,True,grant,political,vedtatt,løpende,stortinget,https://www.stortinget.no/no/Saker-og-publikasjoner/Saker/Sak/?p=104900,"Prop. 1 S (2025-2026), Innst. 7 S (2025-2026)",26640,2025-12-19T15:00:51,2026-09-30T11:36:07+00:00,True
2026,161,73,"Styresett og offentlige institusjoner, kan overføres",628363000,628.363,dev,True,grant,political,vedtatt,løpende,stortinget,https://www.stortinget.no/no/Saker-og-publikasjoner/Saker/Sak/?p=104900,"Prop. 1 S (2025-2026), Innst. 7 S (2025-2026)",26640,2025-12-19T15:00:51,2026-09-30T11:36:07+00:00,True
2026,161,74,"Norges forskningsråd – utviklingsområdet, kan overføres",182300000,182.3,dev,True,grant,political,vedtatt,løpende,stortinget,https://www.stortinget.no/no/Saker-og-publikasjoner/Saker/Sak/?p=104900,"Prop. 1 S (2025-2026), Innst. 7 S (2025-2026)",26640,2025-12-19T15:00:51,2026-09-30T11:36:07+00:00,True
2026,162,70,"Bærekraftig jobbskaping, næringsutvikling og handel, kan overføres",124536000,124.536,dev,True,grant,political,vedtatt,løpende,stortinget,https://www.stortinget.no/no/Saker-og-publikasjoner/Saker/Sak/?p=104900,"Prop. 1 S (2025-2026), Innst. 7 S (2025-2026)",26640,2025-12-19T15:00:51,2026-09-30T11:36:07+00:00,True
2026,162,71,"Matsikkerhet, fisk og landbruk, kan overføres",1427966000,1427.966,dev,True,grant,political,vedtatt,løpende,stortinget,https://www.stortinget.no/no/Saker-og-publikasjoner/Saker/Sak/?p=104900,"Prop. 1 S (2025-2026), Innst. 7 S (2025-2026)",26640,2025-12-19T15:00:51,2026-09-30T11:36:07+00:00,True
2026,162,72,"Fornybar energi, kan overføres",1019358000,1019.358,dev,True,grant,political,vedtatt,løpende,stortinget,https://www.stortinget.no/no/Saker-og-publikasjoner/Saker/Sak/?p=104900,"Prop. 1 S (2025-2026), Innst. 7 S (2025-2026)",26640,2025-12-19T15:00:51,2026-09-30T11:36:07+00:00,True
2026,163,70,"Miljø og klima, kan overføres",1543811000,1543.811,clim,True,grant,political,vedtatt,løpende,stortinget,https://www.stortinget.no/no/Saker-og-publikasjoner/Saker/Sak/?p=104900,"Prop. 1 S (2025-2026), Innst. 7 S (2025-2026)",26640,2025-12-19T15:00:51,2026-09-30T11:36:07+00:00,True
2026,163,71,"Bærekraftige hav og tiltak mot marin forsøpling, kan overføres",232100000,232.1,clim,True,grant,political,vedtatt,løpende,stortinget,https://www.stortinget.no/no/Saker-og-publikasjoner/Saker/Sak/?p=104900,"Prop. 1 S (2025-2026), Innst. 7 S (2025-2026)",26640,2025-12-19T15:00:51,2026-09-30T11:36:07+00:00,True
2026,164,70,"Likestilling, kan overføres",273319000,273.319,dev,True,grant,political,vedtatt,løpende,stortinget,https://www.stortinget.no/no/Saker-og-publikasjoner/Saker/Sak/?p=104900,"Prop. 1 S (2025-2026), Innst. 7 S (2025-2026)",26640,2025-12-19T15:00:51,2026-09-30T11:36:07+00:00,True
2026,164,71,FNs organisasjon for kvinners rettigheter og likestilling (UN Women),140300000,140.3,dev,True,grant,political,vedtatt,løpende,stortinget,https://www.stortinget.no/no/Saker-og-publikasjoner/Saker/Sak/?p=104900,"Prop. 1 S (2025-2026), Innst. 7 S (2025-2026)",26640,2025-12-19T15:00:51,2026-09-30T11:36:07+00:00,True
2026,164,72,FNs befolkningsfond (UNFPA),589600000,589.6,dev,True,grant,political,vedtatt,løpende,stortinget,https://www.stortinget.no/no/Saker-og-publikasjoner/Saker/Sak/?p=104900,"Prop. 1 S (2025-2026), Innst. 7 S (2025-2026)",26640,2025-12-19T15:00:51,2026-09-30T11:36:07+00:00,True
2026,165,70,Risikokapital utviklingsmandatet,413288000,413.288,dev,True,capital,political,vedtatt,løpende,stortinget,https://www.stortinget.no/no/Saker-og-publikasjoner/Saker/Sak/?p=104900,"Prop. 1 S (2025-2026), Innst. 7 S (2025-2026)",26640,2025-12-19T15:00:51,2026-09-30T11:36:07+00:00,True
2026,165,71,Risikokapital Klimainvesteringsfondet,250000000,250.0,dev,True,capital,political,vedtatt,løpende,stortinget,https://www.stortinget.no/no/Saker-og-publikasjoner/Saker/Sak/?p=104900,"Prop. 1 S (2025-2026), Innst. 7 S (2025-2026)",26640,2025-12-19T15:00:51,2026-09-30T11:36:07+00:00,True
2026,165,72,Risikokapital Ukraina-fondet,250000000,250.0,ukr,True,capital,political,vedtatt,løpende,stortinget,https://www.stortinget.no/no/Saker-og-publikasjoner/Saker/Sak/?p=104900,"Prop. 1 S (2025-2026), Innst. 7 S (2025-2026)",26640,2025-12-19T15:00:51,2026-09-30T11:36:07+00:00,True
2026,165,73,Bedriftsstøtte og selskapsutvikling,35000000,35.0,dev,True,capital,political,vedtatt,løpende,stortinget,https://www.stortinget.no/no/Saker-og-publikasjoner/Saker/Sak/?p=104900,"Prop. 1 S (2025-2026), Innst. 7 S (2025-2026)",26640,2025-12-19T15:00:51,2026-09-30T11:36:07+00:00,True
2026,170,70,"Sivilt samfunn, kan overføres",2570665000,2570.665,dev,True,grant,political,vedtatt,løpende,stortinget,https://www.stortinget.no/no/Saker-og-publikasjoner/Saker/Sak/?p=104900,"Prop. 1 S (2025-2026), Innst. 7 S (2025-2026)",26640,2025-12-19T15:00:51,2026-09-30T11:36:07+00:00,True
2026,171,70,FNs utviklingsprogram (UNDP),354400000,354.4,org,True,grant,political,vedtatt,løpende,stortinget,https://www.stortinget.no/no/Saker-og-publikasjoner/Saker/Sak/?p=104900,"Prop. 1 S (2025-2026), Innst. 7 S (2025-2026)",26640,2025-12-19T15:00:51,2026-09-30T11:36:07+00:00,True
2026,171,71,FNs barnefond (UNICEF),380600000,380.6,org,True,grant,political,vedtatt,løpende,stortinget,https://www.stortinget.no/no/Saker-og-publikasjoner/Saker/Sak/?p=104900,"Prop. 1 S (2025-2026), Innst. 7 S (2025-2026)",26640,2025-12-19T15:00:51,2026-09-30T11:36:07+00:00,True
2026,171,73,"FN og multilateralt samarbeid, kan overføres",11200000,11.2,org,True,grant,political,vedtatt,løpende,stortinget,https://www.stortinget.no/no/Saker-og-publikasjoner/Saker/Sak/?p=104900,"Prop. 1 S (2025-2026), Innst. 7 S (2025-2026)",26640,2025-12-19T15:00:51,2026-09-30T11:36:07+00:00,True
2026,172,70,"Verdensbanken, kan overføres",1271109000,1271.109,org,True,grant,political,vedtatt,løpende,stortinget,https://www.stortinget.no/no/Saker-og-publikasjoner/Saker/Sak/?p=104900,"Prop. 1 S (2025-2026), Innst. 7 S (2025-2026)",26640,2025-12-19T15:00:51,2026-09-30T11:36:07+00:00,True
2026,172,71,"Regionale banker og fond, kan overføres",1143100000,1143.1,org,True,grant,political,vedtatt,løpende,stortinget,https://www.stortinget.no/no/Saker-og-publikasjoner/Saker/Sak/?p=104900,"Prop. 1 S (2025-2026), Innst. 7 S (2025-2026)",26640,2025-12-19T15:00:51,2026-09-30T11:36:07+00:00,True
2026,172,73,"Gjeldslette, kan overføres",482730000,482.73,dev,True,grant,political,vedtatt,løpende,stortinget,https://www.stortinget.no/no/Saker-og-publikasjoner/Saker/Sak/?p=104900,"Prop. 1 S (2025-2026), Innst. 7 S (2025-2026)",26640,2025-12-19T15:00:51,2026-09-30T11:36:07+00:00,True
2026,179,21,Spesielle driftsutgifter,2703135000,2703.135,,False,,,vedtatt,løpende,stortinget,https://www.stortinget.no/no/Saker-og-publikasjoner/Saker/Sak/?p=104900,"Prop. 1 S (2025-2026), Innst. 7 S (2025-2026)",26640,2025-12-19T15:00:51,2026-09-30T11:36:07+00:00,True
2026,1700,1,Driftsutgifter,875657000,875.657,,False,,,vedtatt,løpende,stortinget,https://www.stortinget.no/no/Saker-og-publikasjoner/Saker/Sak/?p=104900,"Prop. 1 S (2025-2026), Innst. 7 S (2025-2026)",26640,2025-12-19T15:00:51,2026-09-30T11:36:07+00:00,True
2026,1700,21,"Spesielle driftsutgifter, overslagsbevilgning",166198000,166.198,,False,,,vedtatt,løpende,stortinget,https://www.stortinget.no/no/Saker-og-publikasjoner/Saker/Sak/?p=104900,"Prop. 1 S (2025-2026), Innst. 7 S (2025-2026)",26640,2025-12-19T15:00:51,2026-09-30T11:36:07+00:00,True
2026,1700,43,"Til disposisjon for Forsvarsdepartementet, kan overføres",6786000,6.786,,False,,,vedtatt,løpende,stortinget,https://www.stortinget.no/no/Saker-og-publikasjoner/Saker/Sak/?p=104900,"Prop. 1 S (2025-2026), Innst. 7 S (2025-2026)",26640,2025-12-19T15:00:51,2026-09-30T11:36:07+00:00,True
2026,1700,52,Overføringer til statlige forvaltningsorganer,6574000,6.574,,False,,,vedtatt,løpende,stortinget,https://www.stortinget.no/no/Saker-og-publikasjoner/Saker/Sak/?p=104900,"Prop. 1 S (2025-2026), Innst. 7 S (2025-2026)",26640,2025-12-19T15:00:51,2026-09-30T11:36:07+00:00,True
2026,1700,53,"Risikokapital, NATO innovasjonsfond",15092000,15.092,def,True,capital,treaty,vedtatt,løpende,stortinget,https://www.stortinget.no/no/Saker-og-publikasjoner/Saker/Sak/?p=104900,"Prop. 1 S (2025-2026), Innst. 7 S (2025-2026)",26640,2025-12-19T15:00:51,2026-09-30T11:36:07+00:00,True
2026,1700,60,Overføringer til kommuner og fylkeskommuner,3090000,3.09,,False,,,vedtatt,løpende,stortinget,https://www.stortinget.no/no/Saker-og-publikasjoner/Saker/Sak/?p=104900,"Prop. 1 S (2025-2026), Innst. 7 S (2025-2026)",26640,2025-12-19T15:00:51,2026-09-30T11:36:07+00:00,True
2026,1700,71,"Overføringer til andre, kan overføres",101195000,101.195,,False,,,vedtatt,løpende,stortinget,https://www.stortinget.no/no/Saker-og-publikasjoner/Saker/Sak/?p=104900,"Prop. 1 S (2025-2026), Innst. 7 S (2025-2026)",26640,2025-12-19T15:00:51,2026-09-30T11:36:07+00:00,True
2026,1700,72,"Tilskudd til Norges forskningsråd, kan overføres",49200000,49.2,,False,,,vedtatt,løpende,stortinget,https://www.stortinget.no/no/Saker-og-publikasjoner/Saker/Sak/?p=104900,"Prop. 1 S (2025-2026), Innst. 7 S (2025-2026)",26640,2025-12-19T15:00:51,2026-09-30T11:36:07+00:00,True
2026,1700,73,"Forskning og utvikling, kan overføres",166531000,166.531,,False,,,vedtatt,løpende,stortinget,https://www.stortinget.no/no/Saker-og-publikasjoner/Saker/Sak/?p=104900,"Prop. 1 S (2025-2026), Innst. 7 S (2025-2026)",26640,2025-12-19T15:00:51,2026-09-30T11:36:07+00:00,True
2026,1700,78,"Norges tilskudd til NATOs og internasjonale driftsbudsjetter, kan overføres",1780231000,1780.231,def,True,membership,treaty,vedtatt,løpende,stortinget,https://www.stortinget.no/no/Saker-og-publikasjoner/Saker/Sak/?p=104900,"Prop. 1 S (2025-2026), Innst. 7 S (2025-2026)",26640,2025-12-19T15:00:51,2026-09-30T11:36:07+00:00,True
2026,1710,1,"Driftsutgifter, kan overføres",8625617000,8625.617,,False,,,vedtatt,løpende,stortinget,https://www.stortinget.no/no/Saker-og-publikasjoner/Saker/Sak/?p=104900,"Prop. 1 S (2025-2026), Innst. 7 S (2025-2026)",26640,2025-12-19T15:00:51,2026-09-30T11:36:07+00:00,True
2026,1710,47,"Nybygg og nyanlegg, kan overføres, kan nyttes under kap. 1760, post 45",6060819000,6060.819,,False,,,vedtatt,løpende,stortinget,https://www.stortinget.no/no/Saker-og-publikasjoner/Saker/Sak/?p=104900,"Prop. 1 S (2025-2026), Innst. 7 S (2025-2026)",26640,2025-12-19T15:00:51,2026-09-30T11:36:07+00:00,True
2026,1716,51,Tilskudd til Forsvarets forskningsinstitutt,375165000,375.165,,False,,,vedtatt,løpende,stortinget,https://www.stortinget.no/no/Saker-og-publikasjoner/Saker/Sak/?p=104900,"Prop. 1 S (2025-2026), Innst. 7 S (2025-2026)",26640,2025-12-19T15:00:51,2026-09-30T11:36:07+00:00,True
2026,1720,1,Driftsutgifter,49165997000,49165.997,,False,,,vedtatt,løpende,stortinget,https://www.stortinget.no/no/Saker-og-publikasjoner/Saker/Sak/?p=104900,"Prop. 1 S (2025-2026), Innst. 7 S (2025-2026)",26640,2025-12-19T15:00:51,2026-09-30T11:36:07+00:00,True
2026,1720,71,"Overføringer til andre, kan overføres",51282000,51.282,,False,,,vedtatt,løpende,stortinget,https://www.stortinget.no/no/Saker-og-publikasjoner/Saker/Sak/?p=104900,"Prop. 1 S (2025-2026), Innst. 7 S (2025-2026)",26640,2025-12-19T15:00:51,2026-09-30T11:36:07+00:00,True
2026,1730,1,Driftsutgifter,199784000,199.784,,False,,,vedtatt,løpende,stortinget,https://www.stortinget.no/no/Saker-og-publikasjoner/Saker/Sak/?p=104900,"Prop. 1 S (2025-2026), Innst. 7 S (2025-2026)",26640,2025-12-19T15:00:51,2026-09-30T11:36:07+00:00,True
2026,1730,71,"Overføringer til andre, kan overføres",5668000,5.668,,False,,,vedtatt,løpende,stortinget,https://www.stortinget.no/no/Saker-og-publikasjoner/Saker/Sak/?p=104900,"Prop. 1 S (2025-2026), Innst. 7 S (2025-2026)",26640,2025-12-19T15:00:51,2026-09-30T11:36:07+00:00,True
2026,1735,21,Spesielle driftsutgifter,4838629000,4838.629,,False,,,vedtatt,løpende,stortinget,https://www.stortinget.no/no/Saker-og-publikasjoner/Saker/Sak/?p=104900,"Prop. 1 S (2025-2026), Innst. 7 S (2025-2026)",26640,2025-12-19T15:00:51,2026-09-30T11:36:07+00:00,True
2026,1740,1,"Driftsutgifter, kan overføres, kan nyttes under kap. 1740, post 45",702806000,702.806,,False,,,vedtatt,løpende,stortinget,https://www.stortinget.no/no/Saker-og-publikasjoner/Saker/Sak/?p=104900,"Prop. 1 S (2025-2026), Innst. 7 S (2025-2026)",26640,2025-12-19T15:00:51,2026-09-30T11:36:07+00:00,True
2026,1740,45,"Større utstyrsanskaffelser og vedlikehold, kan overføres",155333000,155.333,,False,,,vedtatt,løpende,stortinget,https://www.stortinget.no/no/Saker-og-publikasjoner/Saker/Sak/?p=104900,"Prop. 1 S (2025-2026), Innst. 7 S (2025-2026)",26640,2025-12-19T15:00:51,2026-09-30T11:36:07+00:00,True
2026,1750,21,"Spesielle driftsutgifter, kan overføres, kan nyttes under kap. 1750, post 79",28610000000,28610.0,,False,,,vedtatt,løpende,stortinget,https://www.stortinget.no/no/Saker-og-publikasjoner/Saker/Sak/?p=104900,"Prop. 1 S (2025-2026), Innst. 7 S (2025-2026)",26640,2025-12-19T15:00:51,2026-09-30T11:36:07+00:00,True
2026,1750,79,"Tilskudd til militær støtte for Ukraina, kan overføres, kan nyttes under kap. 1750, post 21",38596000000,38596.0,ukr,True,grant,political,vedtatt,løpende,stortinget,https://www.stortinget.no/no/Saker-og-publikasjoner/Saker/Sak/?p=104900,"Prop. 1 S (2025-2026), Innst. 7 S (2025-2026)",26640,2025-12-19T15:00:51,2026-09-30T11:36:07+00:00,True
2026,1760,1,"Driftsutgifter, kan nyttes under kap. 1760, post 45",2903657000,2903.657,,False,,,vedtatt,løpende,stortinget,https://www.stortinget.no/no/Saker-og-publikasjoner/Saker/Sak/?p=104900,"Prop. 1 S (2025-2026), Innst. 7 S (2025-2026)",26640,2025-12-19T15:00:51,2026-09-30T11:36:07+00:00,True
2026,1760,44,"Fellesfinansierte investeringer, nasjonalfinansiert andel, kan overføres",316133000,316.133,,False,,,vedtatt,løpende,stortinget,https://www.stortinget.no/no/Saker-og-publikasjoner/Saker/Sak/?p=104900,"Prop. 1 S (2025-2026), Innst. 7 S (2025-2026)",26640,2025-12-19T15:00:51,2026-09-30T11:36:07+00:00,True
2026,1760,45,"Større utstyrsanskaffelser og vedlikehold, kan overføres, kan nyttes under kap. 1710, post 47",34295093000,34295.093,,False,,,vedtatt,løpende,stortinget,https://www.stortinget.no/no/Saker-og-publikasjoner/Saker/Sak/?p=104900,"Prop. 1 S (2025-2026), Innst. 7 S (2025-2026)",26640,2025-12-19T15:00:51,2026-09-30T11:36:07+00:00,True
2026,1760,48,"Fellesfinansierte investeringer, fellesfinansiert andel, kan overføres",650000000,650.0,,False,,,vedtatt,løpende,stortinget,https://www.stortinget.no/no/Saker-og-publikasjoner/Saker/Sak/?p=104900,"Prop. 1 S (2025-2026), Innst. 7 S (2025-2026)",26640,2025-12-19T15:00:51,2026-09-30T11:36:07+00:00,True
2026,1760,75,"Fellesfinansierte investeringer, Norges tilskudd til NATOs investeringsprogram for sikkerhet, kan overføres, kan nyttes under kap. 1760, post 44",450609000,450.609,def,True,membership,treaty,vedtatt,løpende,stortinget,https://www.stortinget.no/no/Saker-og-publikasjoner/Saker/Sak/?p=104900,"Prop. 1 S (2025-2026), Innst. 7 S (2025-2026)",26640,2025-12-19T15:00:51,2026-09-30T11:36:07+00:00,True
2026,1791,1,Driftsutgifter,608658000,608.658,,False,,,vedtatt,løpende,stortinget,https://www.stortinget.no/no/Saker-og-publikasjoner/Saker/Sak/?p=104900,"Prop. 1 S (2025-2026), Innst. 7 S (2025-2026)",26640,2025-12-19T15:00:51,2026-09-30T11:36:07+00:00,True
