year,recipient_id,category_id,amount_mnok,basis,source_id,source_ref,verified
2016,tza,dev,1877.9,regnskap,norad,MOCK,False
2016,uga,dev,1812.3,regnskap,norad,MOCK,False
2016,moz,dev,1200.6,regnskap,norad,MOCK,False
2016,mwi,dev,1274.3,regnskap,norad,MOCK,False
2016,zmb,dev,1201.9,regnskap,norad,MOCK,False
2016,eth,dev,1821.4,regnskap,norad,MOCK,False
2016,ken,dev,782.5,regnskap,norad,MOCK,False
2016,nep,dev,1432.4,regnskap,norad,MOCK,False
2016,bgd,dev,525.7,regnskap,norad,MOCK,False
2016,mli,dev,809.9,regnskap,norad,MOCK,False
2016,ner,dev,624.2,regnskap,norad,MOCK,False
2016,nga,dev,470.7,regnskap,norad,MOCK,False
2016,gha,dev,586.2,regnskap,norad,MOCK,False
2016,lbr,dev,756.7,regnskap,norad,MOCK,False
2016,col,dev,515.8,regnskap,norad,MOCK,False
2016,pak,dev,347.6,regnskap,norad,MOCK,False
2016,ind,dev,292.9,regnskap,norad,MOCK,False
2016,per,dev,193.6,regnskap,norad,MOCK,False
2016,idn,dev,244.8,regnskap,norad,MOCK,False
2016,m_un,dev,895.6,regnskap,norad,MOCK,False
2016,m_unalloc,dev,3332.9,regnskap,norad,MOCK,False
2017,tza,dev,1766.3,regnskap,norad,MOCK,False
2017,uga,dev,2085.8,regnskap,norad,MOCK,False
2017,moz,dev,1734.5,regnskap,norad,MOCK,False
2017,mwi,dev,1870.2,regnskap,norad,MOCK,False
2017,zmb,dev,1530.5,regnskap,norad,MOCK,False
2017,eth,dev,1254.3,regnskap,norad,MOCK,False
2017,ken,dev,522.1,regnskap,norad,MOCK,False
2017,nep,dev,1071.6,regnskap,norad,MOCK,False
2017,bgd,dev,954.2,regnskap,norad,MOCK,False
2017,mli,dev,746.8,regnskap,norad,MOCK,False
2017,ner,dev,507.6,regnskap,norad,MOCK,False
2017,nga,dev,406.1,regnskap,norad,MOCK,False
2017,gha,dev,575.3,regnskap,norad,MOCK,False
2017,lbr,dev,755.8,regnskap,norad,MOCK,False
2017,col,dev,592.2,regnskap,norad,MOCK,False
2017,pak,dev,425.8,regnskap,norad,MOCK,False
2017,ind,dev,224.8,regnskap,norad,MOCK,False
2017,per,dev,255.4,regnskap,norad,MOCK,False
2017,idn,dev,251.4,regnskap,norad,MOCK,False
2017,m_un,dev,973.3,regnskap,norad,MOCK,False
2017,m_unalloc,dev,2996.0,regnskap,norad,MOCK,False
2018,tza,dev,1426.6,regnskap,norad,MOCK,False
2018,uga,dev,1622.4,regnskap,norad,MOCK,False
2018,moz,dev,1478.7,regnskap,norad,MOCK,False
2018,mwi,dev,1614.0,regnskap,norad,MOCK,False
2018,zmb,dev,1261.6,regnskap,norad,MOCK,False
2018,eth,dev,1275.9,regnskap,norad,MOCK,False
2018,ken,dev,525.2,regnskap,norad,MOCK,False
2018,nep,dev,1109.0,regnskap,norad,MOCK,False
2018,bgd,dev,846.6,regnskap,norad,MOCK,False
2018,mli,dev,672.4,regnskap,norad,MOCK,False
2018,ner,dev,424.9,regnskap,norad,MOCK,False
2018,nga,dev,628.5,regnskap,norad,MOCK,False
2018,gha,dev,366.3,regnskap,norad,MOCK,False
2018,lbr,dev,681.3,regnskap,norad,MOCK,False
2018,col,dev,794.8,regnskap,norad,MOCK,False
2018,pak,dev,421.4,regnskap,norad,MOCK,False
2018,ind,dev,297.7,regnskap,norad,MOCK,False
2018,per,dev,294.6,regnskap,norad,MOCK,False
2018,idn,dev,220.7,regnskap,norad,MOCK,False
2018,m_un,dev,1337.2,regnskap,norad,MOCK,False
2018,m_unalloc,dev,4700.1,regnskap,norad,MOCK,False
2019,tza,dev,2198.5,regnskap,norad,MOCK,False
2019,uga,dev,1639.2,regnskap,norad,MOCK,False
2019,moz,dev,1781.9,regnskap,norad,MOCK,False
2019,mwi,dev,1963.8,regnskap,norad,MOCK,False
2019,zmb,dev,1005.5,regnskap,norad,MOCK,False
2019,eth,dev,1158.0,regnskap,norad,MOCK,False
2019,ken,dev,639.8,regnskap,norad,MOCK,False
2019,nep,dev,1151.5,regnskap,norad,MOCK,False
2019,bgd,dev,747.9,regnskap,norad,MOCK,False
2019,mli,dev,894.2,regnskap,norad,MOCK,False
2019,ner,dev,384.5,regnskap,norad,MOCK,False
2019,nga,dev,631.8,regnskap,norad,MOCK,False
2019,gha,dev,661.7,regnskap,norad,MOCK,False
2019,lbr,dev,595.3,regnskap,norad,MOCK,False
2019,col,dev,718.0,regnskap,norad,MOCK,False
2019,pak,dev,377.5,regnskap,norad,MOCK,False
2019,ind,dev,193.8,regnskap,norad,MOCK,False
2019,per,dev,221.0,regnskap,norad,MOCK,False
2019,idn,dev,341.9,regnskap,norad,MOCK,False
2019,m_un,dev,1466.0,regnskap,norad,MOCK,False
2019,m_unalloc,dev,3728.2,regnskap,norad,MOCK,False
2020,tza,dev,2031.8,regnskap,norad,MOCK,False
2020,uga,dev,1816.2,regnskap,norad,MOCK,False
2020,moz,dev,1987.6,regnskap,norad,MOCK,False
2020,mwi,dev,1482.1,regnskap,norad,MOCK,False
2020,zmb,dev,1572.9,regnskap,norad,MOCK,False
2020,eth,dev,1966.6,regnskap,norad,MOCK,False
2020,ken,dev,1033.3,regnskap,norad,MOCK,False
2020,nep,dev,1002.6,regnskap,norad,MOCK,False
2020,bgd,dev,868.4,regnskap,norad,MOCK,False
2020,mli,dev,757.4,regnskap,norad,MOCK,False
2020,ner,dev,660.2,regnskap,norad,MOCK,False
2020,nga,dev,498.1,regnskap,norad,MOCK,False
2020,gha,dev,391.5,regnskap,norad,MOCK,False
2020,lbr,dev,632.1,regnskap,norad,MOCK,False
2020,col,dev,607.3,regnskap,norad,MOCK,False
2020,pak,dev,649.6,regnskap,norad,MOCK,False
2020,ind,dev,290.0,regnskap,norad,MOCK,False
2020,per,dev,220.0,regnskap,norad,MOCK,False
2020,idn,dev,281.9,regnskap,norad,MOCK,False
2020,m_un,dev,1393.2,regnskap,norad,MOCK,False
2020,m_unalloc,dev,3857.1,regnskap,norad,MOCK,False
2021,tza,dev,2461.1,regnskap,norad,MOCK,False
2021,uga,dev,2235.2,regnskap,norad,MOCK,False
2021,moz,dev,1999.0,regnskap,norad,MOCK,False
2021,mwi,dev,1905.3,regnskap,norad,MOCK,False
2021,zmb,dev,1631.8,regnskap,norad,MOCK,False
2021,eth,dev,1584.3,regnskap,norad,MOCK,False
2021,ken,dev,855.5,regnskap,norad,MOCK,False
2021,nep,dev,1520.5,regnskap,norad,MOCK,False
2021,bgd,dev,592.5,regnskap,norad,MOCK,False
2021,mli,dev,776.7,regnskap,norad,MOCK,False
2021,ner,dev,636.8,regnskap,norad,MOCK,False
2021,nga,dev,479.3,regnskap,norad,MOCK,False
2021,gha,dev,658.1,regnskap,norad,MOCK,False
2021,lbr,dev,939.7,regnskap,norad,MOCK,False
2021,col,dev,732.8,regnskap,norad,MOCK,False
2021,pak,dev,586.2,regnskap,norad,MOCK,False
2021,ind,dev,259.4,regnskap,norad,MOCK,False
2021,per,dev,187.9,regnskap,norad,MOCK,False
2021,idn,dev,333.3,regnskap,norad,MOCK,False
2021,m_un,dev,1175.7,regnskap,norad,MOCK,False
2021,m_unalloc,dev,2948.9,regnskap,norad,MOCK,False
2022,tza,dev,2626.6,regnskap,norad,MOCK,False
2022,uga,dev,1465.9,regnskap,norad,MOCK,False
2022,moz,dev,1426.7,regnskap,norad,MOCK,False
2022,mwi,dev,2022.7,regnskap,norad,MOCK,False
2022,zmb,dev,1466.1,regnskap,norad,MOCK,False
2022,eth,dev,1729.9,regnskap,norad,MOCK,False
2022,ken,dev,682.0,regnskap,norad,MOCK,False
2022,nep,dev,1663.2,regnskap,norad,MOCK,False
2022,bgd,dev,807.5,regnskap,norad,MOCK,False
2022,mli,dev,1008.8,regnskap,norad,MOCK,False
2022,ner,dev,666.8,regnskap,norad,MOCK,False
2022,nga,dev,476.2,regnskap,norad,MOCK,False
2022,gha,dev,672.4,regnskap,norad,MOCK,False
2022,lbr,dev,910.3,regnskap,norad,MOCK,False
2022,col,dev,1018.9,regnskap,norad,MOCK,False
2022,pak,dev,646.1,regnskap,norad,MOCK,False
2022,ind,dev,295.4,regnskap,norad,MOCK,False
2022,per,dev,350.6,regnskap,norad,MOCK,False
2022,idn,dev,229.5,regnskap,norad,MOCK,False
2022,m_un,dev,1375.9,regnskap,norad,MOCK,False
2022,m_unalloc,dev,4458.6,regnskap,norad,MOCK,False
2023,tza,dev,2462.7,regnskap,norad,MOCK,False
2023,uga,dev,2048.5,regnskap,norad,MOCK,False
2023,moz,dev,1686.1,regnskap,norad,MOCK,False
2023,mwi,dev,1762.9,regnskap,norad,MOCK,False
2023,zmb,dev,1502.1,regnskap,norad,MOCK,False
2023,eth,dev,2198.1,regnskap,norad,MOCK,False
2023,ken,dev,1060.3,regnskap,norad,MOCK,False
2023,nep,dev,1112.2,regnskap,norad,MOCK,False
2023,bgd,dev,1006.4,regnskap,norad,MOCK,False
2023,mli,dev,639.4,regnskap,norad,MOCK,False
2023,ner,dev,404.4,regnskap,norad,MOCK,False
2023,nga,dev,532.9,regnskap,norad,MOCK,False
2023,gha,dev,524.4,regnskap,norad,MOCK,False
2023,lbr,dev,810.6,regnskap,norad,MOCK,False
2023,col,dev,1054.8,regnskap,norad,MOCK,False
2023,pak,dev,724.1,regnskap,norad,MOCK,False
2023,ind,dev,236.5,regnskap,norad,MOCK,False
2023,per,dev,214.8,regnskap,norad,MOCK,False
2023,idn,dev,364.6,regnskap,norad,MOCK,False
2023,m_un,dev,1366.2,regnskap,norad,MOCK,False
2023,m_unalloc,dev,5287.9,regnskap,norad,MOCK,False
2024,tza,dev,2262.2,regnskap,norad,MOCK,False
2024,uga,dev,2073.5,regnskap,norad,MOCK,False
2024,moz,dev,2093.9,regnskap,norad,MOCK,False
2024,mwi,dev,1963.9,regnskap,norad,MOCK,False
2024,zmb,dev,1771.4,regnskap,norad,MOCK,False
2024,eth,dev,1649.8,regnskap,norad,MOCK,False
2024,ken,dev,739.7,regnskap,norad,MOCK,False
2024,nep,dev,1713.7,regnskap,norad,MOCK,False
2024,bgd,dev,1120.8,regnskap,norad,MOCK,False
2024,mli,dev,873.1,regnskap,norad,MOCK,False
2024,ner,dev,628.4,regnskap,norad,MOCK,False
2024,nga,dev,737.0,regnskap,norad,MOCK,False
2024,gha,dev,616.8,regnskap,norad,MOCK,False
2024,lbr,dev,706.3,regnskap,norad,MOCK,False
2024,col,dev,951.5,regnskap,norad,MOCK,False
2024,pak,dev,453.8,regnskap,norad,MOCK,False
2024,ind,dev,230.2,regnskap,norad,MOCK,False
2024,per,dev,230.8,regnskap,norad,MOCK,False
2024,idn,dev,341.3,regnskap,norad,MOCK,False
2024,m_un,dev,1479.5,regnskap,norad,MOCK,False
2024,m_unalloc,dev,4862.2,regnskap,norad,MOCK,False
2025,tza,dev,1993.7,regnskap,norad,MOCK,False
2025,uga,dev,1700.1,regnskap,norad,MOCK,False
2025,moz,dev,2402.9,regnskap,norad,MOCK,False
2025,mwi,dev,1963.4,regnskap,norad,MOCK,False
2025,zmb,dev,2017.7,regnskap,norad,MOCK,False
2025,eth,dev,1806.7,regnskap,norad,MOCK,False
2025,ken,dev,1013.5,regnskap,norad,MOCK,False
2025,nep,dev,1162.3,regnskap,norad,MOCK,False
2025,bgd,dev,1090.1,regnskap,norad,MOCK,False
2025,mli,dev,723.8,regnskap,norad,MOCK,False
2025,ner,dev,728.7,regnskap,norad,MOCK,False
2025,nga,dev,719.0,regnskap,norad,MOCK,False
2025,gha,dev,561.3,regnskap,norad,MOCK,False
2025,lbr,dev,837.6,regnskap,norad,MOCK,False
2025,col,dev,1003.0,regnskap,norad,MOCK,False
2025,pak,dev,527.4,regnskap,norad,MOCK,False
2025,ind,dev,270.5,regnskap,norad,MOCK,False
2025,per,dev,372.6,regnskap,norad,MOCK,False
2025,idn,dev,319.0,regnskap,norad,MOCK,False
2025,m_un,dev,1903.9,regnskap,norad,MOCK,False
2025,m_unalloc,dev,4883.1,regnskap,norad,MOCK,False
2026,tza,dev,2698.7,vedtatt,norad,MOCK,False
2026,uga,dev,2703.9,vedtatt,norad,MOCK,False
2026,moz,dev,2348.3,vedtatt,norad,MOCK,False
2026,mwi,dev,1627.8,vedtatt,norad,MOCK,False
2026,zmb,dev,1178.1,vedtatt,norad,MOCK,False
2026,eth,dev,1444.0,vedtatt,norad,MOCK,False
2026,ken,dev,922.9,vedtatt,norad,MOCK,False
2026,nep,dev,1778.5,vedtatt,norad,MOCK,False
2026,bgd,dev,709.8,vedtatt,norad,MOCK,False
2026,mli,dev,997.1,vedtatt,norad,MOCK,False
2026,ner,dev,826.5,vedtatt,norad,MOCK,False
2026,nga,dev,752.9,vedtatt,norad,MOCK,False
2026,gha,dev,462.7,vedtatt,norad,MOCK,False
2026,lbr,dev,990.1,vedtatt,norad,MOCK,False
2026,col,dev,1051.5,vedtatt,norad,MOCK,False
2026,pak,dev,715.1,vedtatt,norad,MOCK,False
2026,ind,dev,309.1,vedtatt,norad,MOCK,False
2026,per,dev,248.8,vedtatt,norad,MOCK,False
2026,idn,dev,341.1,vedtatt,norad,MOCK,False
2026,m_un,dev,1702.2,vedtatt,norad,MOCK,False
2026,m_unalloc,dev,4691.0,vedtatt,norad,MOCK,False
2016,syr,hum,511.0,regnskap,norad,MOCK,False
2016,afg,hum,282.3,regnskap,norad,MOCK,False
2016,yem,hum,330.4,regnskap,norad,MOCK,False
2016,pse,hum,648.6,regnskap,norad,MOCK,False
2016,sdn,hum,398.3,regnskap,norad,MOCK,False
2016,ssd,hum,298.0,regnskap,norad,MOCK,False
2016,som,hum,355.3,regnskap,norad,MOCK,False
2016,cod,hum,310.4,regnskap,norad,MOCK,False
2016,eth,hum,212.0,regnskap,norad,MOCK,False
2016,lbn,hum,183.5,regnskap,norad,MOCK,False
2016,jor,hum,201.4,regnskap,norad,MOCK,False
2016,irq,hum,209.1,regnskap,norad,MOCK,False
2016,mmr,hum,178.5,regnskap,norad,MOCK,False
2016,hti,hum,129.6,regnskap,norad,MOCK,False
2016,bgd,hum,99.9,regnskap,norad,MOCK,False
2016,ukr,hum,361.2,regnskap,norad,MOCK,False
2016,m_un,hum,1104.9,regnskap,norad,MOCK,False
2016,m_unalloc,hum,685.4,regnskap,norad,MOCK,False
2017,syr,hum,349.2,regnskap,norad,MOCK,False
2017,afg,hum,336.8,regnskap,norad,MOCK,False
2017,yem,hum,262.4,regnskap,norad,MOCK,False
2017,pse,hum,418.8,regnskap,norad,MOCK,False
2017,sdn,hum,488.0,regnskap,norad,MOCK,False
2017,ssd,hum,277.5,regnskap,norad,MOCK,False
2017,som,hum,379.7,regnskap,norad,MOCK,False
2017,cod,hum,255.2,regnskap,norad,MOCK,False
2017,eth,hum,245.6,regnskap,norad,MOCK,False
2017,lbn,hum,151.2,regnskap,norad,MOCK,False
2017,jor,hum,203.4,regnskap,norad,MOCK,False
2017,irq,hum,190.0,regnskap,norad,MOCK,False
2017,mmr,hum,183.0,regnskap,norad,MOCK,False
2017,hti,hum,96.1,regnskap,norad,MOCK,False
2017,bgd,hum,113.3,regnskap,norad,MOCK,False
2017,ukr,hum,447.5,regnskap,norad,MOCK,False
2017,m_un,hum,1681.2,regnskap,norad,MOCK,False
2017,m_unalloc,hum,620.9,regnskap,norad,MOCK,False
2018,syr,hum,520.1,regnskap,norad,MOCK,False
2018,afg,hum,304.5,regnskap,norad,MOCK,False
2018,yem,hum,361.2,regnskap,norad,MOCK,False
2018,pse,hum,577.0,regnskap,norad,MOCK,False
2018,sdn,hum,341.7,regnskap,norad,MOCK,False
2018,ssd,hum,257.4,regnskap,norad,MOCK,False
2018,som,hum,509.4,regnskap,norad,MOCK,False
2018,cod,hum,266.2,regnskap,norad,MOCK,False
2018,eth,hum,256.0,regnskap,norad,MOCK,False
2018,lbn,hum,169.0,regnskap,norad,MOCK,False
2018,jor,hum,173.4,regnskap,norad,MOCK,False
2018,irq,hum,144.9,regnskap,norad,MOCK,False
2018,mmr,hum,204.2,regnskap,norad,MOCK,False
2018,hti,hum,121.3,regnskap,norad,MOCK,False
2018,bgd,hum,108.2,regnskap,norad,MOCK,False
2018,ukr,hum,427.1,regnskap,norad,MOCK,False
2018,m_un,hum,1352.2,regnskap,norad,MOCK,False
2018,m_unalloc,hum,706.2,regnskap,norad,MOCK,False
2019,syr,hum,590.1,regnskap,norad,MOCK,False
2019,afg,hum,327.1,regnskap,norad,MOCK,False
2019,yem,hum,301.3,regnskap,norad,MOCK,False
2019,pse,hum,553.8,regnskap,norad,MOCK,False
2019,sdn,hum,499.9,regnskap,norad,MOCK,False
2019,ssd,hum,391.4,regnskap,norad,MOCK,False
2019,som,hum,332.0,regnskap,norad,MOCK,False
2019,cod,hum,325.6,regnskap,norad,MOCK,False
2019,eth,hum,172.3,regnskap,norad,MOCK,False
2019,lbn,hum,141.3,regnskap,norad,MOCK,False
2019,jor,hum,137.3,regnskap,norad,MOCK,False
2019,irq,hum,189.0,regnskap,norad,MOCK,False
2019,mmr,hum,182.9,regnskap,norad,MOCK,False
2019,hti,hum,115.5,regnskap,norad,MOCK,False
2019,bgd,hum,99.9,regnskap,norad,MOCK,False
2019,ukr,hum,373.3,regnskap,norad,MOCK,False
2019,m_un,hum,1801.4,regnskap,norad,MOCK,False
2019,m_unalloc,hum,465.7,regnskap,norad,MOCK,False
2020,syr,hum,557.9,regnskap,norad,MOCK,False
2020,afg,hum,412.4,regnskap,norad,MOCK,False
2020,yem,hum,407.4,regnskap,norad,MOCK,False
2020,pse,hum,724.8,regnskap,norad,MOCK,False
2020,sdn,hum,480.9,regnskap,norad,MOCK,False
2020,ssd,hum,370.6,regnskap,norad,MOCK,False
2020,som,hum,477.0,regnskap,norad,MOCK,False
2020,cod,hum,252.1,regnskap,norad,MOCK,False
2020,eth,hum,240.5,regnskap,norad,MOCK,False
2020,lbn,hum,165.1,regnskap,norad,MOCK,False
2020,jor,hum,183.5,regnskap,norad,MOCK,False
2020,irq,hum,237.9,regnskap,norad,MOCK,False
2020,mmr,hum,143.1,regnskap,norad,MOCK,False
2020,hti,hum,167.8,regnskap,norad,MOCK,False
2020,bgd,hum,146.2,regnskap,norad,MOCK,False
2020,ukr,hum,304.2,regnskap,norad,MOCK,False
2020,m_un,hum,1755.9,regnskap,norad,MOCK,False
2020,m_unalloc,hum,472.8,regnskap,norad,MOCK,False
2021,syr,hum,476.7,regnskap,norad,MOCK,False
2021,afg,hum,346.8,regnskap,norad,MOCK,False
2021,yem,hum,407.0,regnskap,norad,MOCK,False
2021,pse,hum,519.2,regnskap,norad,MOCK,False
2021,sdn,hum,570.3,regnskap,norad,MOCK,False
2021,ssd,hum,470.9,regnskap,norad,MOCK,False
2021,som,hum,361.4,regnskap,norad,MOCK,False
2021,cod,hum,412.5,regnskap,norad,MOCK,False
2021,eth,hum,253.4,regnskap,norad,MOCK,False
2021,lbn,hum,214.9,regnskap,norad,MOCK,False
2021,jor,hum,146.7,regnskap,norad,MOCK,False
2021,irq,hum,186.5,regnskap,norad,MOCK,False
2021,mmr,hum,170.8,regnskap,norad,MOCK,False
2021,hti,hum,160.3,regnskap,norad,MOCK,False
2021,bgd,hum,106.7,regnskap,norad,MOCK,False
2021,ukr,hum,323.9,regnskap,norad,MOCK,False
2021,m_un,hum,1842.6,regnskap,norad,MOCK,False
2021,m_unalloc,hum,829.3,regnskap,norad,MOCK,False
2022,syr,hum,639.9,regnskap,norad,MOCK,False
2022,afg,hum,453.0,regnskap,norad,MOCK,False
2022,yem,hum,415.3,regnskap,norad,MOCK,False
2022,pse,hum,786.4,regnskap,norad,MOCK,False
2022,sdn,hum,446.7,regnskap,norad,MOCK,False
2022,ssd,hum,396.7,regnskap,norad,MOCK,False
2022,som,hum,511.1,regnskap,norad,MOCK,False
2022,cod,hum,414.1,regnskap,norad,MOCK,False
2022,eth,hum,306.5,regnskap,norad,MOCK,False
2022,lbn,hum,230.5,regnskap,norad,MOCK,False
2022,jor,hum,262.1,regnskap,norad,MOCK,False
2022,irq,hum,316.8,regnskap,norad,MOCK,False
2022,mmr,hum,257.1,regnskap,norad,MOCK,False
2022,hti,hum,222.0,regnskap,norad,MOCK,False
2022,bgd,hum,162.7,regnskap,norad,MOCK,False
2022,ukr,hum,551.4,regnskap,norad,MOCK,False
2022,m_un,hum,2432.2,regnskap,norad,MOCK,False
2022,m_unalloc,hum,695.6,regnskap,norad,MOCK,False
2023,syr,hum,645.9,regnskap,norad,MOCK,False
2023,afg,hum,480.1,regnskap,norad,MOCK,False
2023,yem,hum,438.8,regnskap,norad,MOCK,False
2023,pse,hum,648.2,regnskap,norad,MOCK,False
2023,sdn,hum,708.2,regnskap,norad,MOCK,False
2023,ssd,hum,404.1,regnskap,norad,MOCK,False
2023,som,hum,635.4,regnskap,norad,MOCK,False
2023,cod,hum,463.4,regnskap,norad,MOCK,False
2023,eth,hum,326.3,regnskap,norad,MOCK,False
2023,lbn,hum,329.4,regnskap,norad,MOCK,False
2023,jor,hum,216.5,regnskap,norad,MOCK,False
2023,irq,hum,260.0,regnskap,norad,MOCK,False
2023,mmr,hum,249.3,regnskap,norad,MOCK,False
2023,hti,hum,129.7,regnskap,norad,MOCK,False
2023,bgd,hum,191.7,regnskap,norad,MOCK,False
2023,ukr,hum,627.0,regnskap,norad,MOCK,False
2023,m_un,hum,2409.9,regnskap,norad,MOCK,False
2023,m_unalloc,hum,636.1,regnskap,norad,MOCK,False
2024,syr,hum,540.3,regnskap,norad,MOCK,False
2024,afg,hum,359.9,regnskap,norad,MOCK,False
2024,yem,hum,415.7,regnskap,norad,MOCK,False
2024,pse,hum,922.5,regnskap,norad,MOCK,False
2024,sdn,hum,548.3,regnskap,norad,MOCK,False
2024,ssd,hum,446.4,regnskap,norad,MOCK,False
2024,som,hum,645.8,regnskap,norad,MOCK,False
2024,cod,hum,462.9,regnskap,norad,MOCK,False
2024,eth,hum,442.8,regnskap,norad,MOCK,False
2024,lbn,hum,308.0,regnskap,norad,MOCK,False
2024,jor,hum,206.1,regnskap,norad,MOCK,False
2024,irq,hum,334.0,regnskap,norad,MOCK,False
2024,mmr,hum,258.9,regnskap,norad,MOCK,False
2024,hti,hum,168.2,regnskap,norad,MOCK,False
2024,bgd,hum,214.2,regnskap,norad,MOCK,False
2024,ukr,hum,505.6,regnskap,norad,MOCK,False
2024,m_un,hum,1714.6,regnskap,norad,MOCK,False
2024,m_unalloc,hum,1005.9,regnskap,norad,MOCK,False
2025,syr,hum,483.0,regnskap,norad,MOCK,False
2025,afg,hum,374.7,regnskap,norad,MOCK,False
2025,yem,hum,462.5,regnskap,norad,MOCK,False
2025,pse,hum,954.8,regnskap,norad,MOCK,False
2025,sdn,hum,707.8,regnskap,norad,MOCK,False
2025,ssd,hum,468.8,regnskap,norad,MOCK,False
2025,som,hum,469.4,regnskap,norad,MOCK,False
2025,cod,hum,321.2,regnskap,norad,MOCK,False
2025,eth,hum,294.4,regnskap,norad,MOCK,False
2025,lbn,hum,239.9,regnskap,norad,MOCK,False
2025,jor,hum,233.4,regnskap,norad,MOCK,False
2025,irq,hum,227.9,regnskap,norad,MOCK,False
2025,mmr,hum,185.6,regnskap,norad,MOCK,False
2025,hti,hum,203.9,regnskap,norad,MOCK,False
2025,bgd,hum,204.5,regnskap,norad,MOCK,False
2025,ukr,hum,533.8,regnskap,norad,MOCK,False
2025,m_un,hum,2384.5,regnskap,norad,MOCK,False
2025,m_unalloc,hum,750.0,regnskap,norad,MOCK,False
2026,syr,hum,744.1,vedtatt,norad,MOCK,False
2026,afg,hum,470.2,vedtatt,norad,MOCK,False
2026,yem,hum,322.2,vedtatt,norad,MOCK,False
2026,pse,hum,699.7,vedtatt,norad,MOCK,False
2026,sdn,hum,485.9,vedtatt,norad,MOCK,False
2026,ssd,hum,483.8,vedtatt,norad,MOCK,False
2026,som,hum,540.3,vedtatt,norad,MOCK,False
2026,cod,hum,479.3,vedtatt,norad,MOCK,False
2026,eth,hum,233.2,vedtatt,norad,MOCK,False
2026,lbn,hum,308.5,vedtatt,norad,MOCK,False
2026,jor,hum,288.6,vedtatt,norad,MOCK,False
2026,irq,hum,292.9,vedtatt,norad,MOCK,False
2026,mmr,hum,221.6,vedtatt,norad,MOCK,False
2026,hti,hum,168.8,vedtatt,norad,MOCK,False
2026,bgd,hum,133.6,vedtatt,norad,MOCK,False
2026,ukr,hum,540.0,vedtatt,norad,MOCK,False
2026,m_un,hum,2458.7,vedtatt,norad,MOCK,False
2026,m_unalloc,hum,628.4,vedtatt,norad,MOCK,False
2022,ukr,ukr,9923.4,regnskap,stortinget,MOCK,False
2022,mda,ukr,372.1,regnskap,stortinget,MOCK,False
2022,geo,ukr,129.0,regnskap,stortinget,MOCK,False
2022,m_unalloc,ukr,575.5,regnskap,stortinget,MOCK,False
2023,ukr,ukr,23929.7,regnskap,stortinget,MOCK,False
2023,mda,ukr,757.3,regnskap,stortinget,MOCK,False
2023,geo,ukr,299.7,regnskap,stortinget,MOCK,False
2023,m_unalloc,ukr,2013.4,regnskap,stortinget,MOCK,False
2024,ukr,ukr,28546.8,regnskap,stortinget,MOCK,False
2024,mda,ukr,1426.5,regnskap,stortinget,MOCK,False
2024,geo,ukr,360.8,regnskap,stortinget,MOCK,False
2024,m_unalloc,ukr,1665.9,regnskap,stortinget,MOCK,False
2025,ukr,ukr,31401.5,regnskap,stortinget,MOCK,False
2025,mda,ukr,1174.6,regnskap,stortinget,MOCK,False
2025,geo,ukr,399.6,regnskap,stortinget,MOCK,False
2025,m_unalloc,ukr,2024.4,regnskap,stortinget,MOCK,False
2026,ukr,ukr,31024.4,vedtatt,stortinget,MOCK,False
2026,mda,ukr,1164.9,vedtatt,stortinget,MOCK,False
2026,geo,ukr,438.8,vedtatt,stortinget,MOCK,False
2026,m_unalloc,ukr,2371.9,vedtatt,stortinget,MOCK,False
2016,m_un,org,3899.3,regnskap,ud,MOCK,False
2016,m_wb,org,1954.9,regnskap,ud,MOCK,False
2016,m_rdb,org,1163.0,regnskap,ud,MOCK,False
2016,m_gf,org,1541.6,regnskap,ud,MOCK,False
2016,m_unalloc,org,441.2,regnskap,ud,MOCK,False
2017,m_un,org,3679.2,regnskap,ud,MOCK,False
2017,m_wb,org,1706.2,regnskap,ud,MOCK,False
2017,m_rdb,org,1521.8,regnskap,ud,MOCK,False
2017,m_gf,org,1359.8,regnskap,ud,MOCK,False
2017,m_unalloc,org,1033.0,regnskap,ud,MOCK,False
2018,m_un,org,3821.4,regnskap,ud,MOCK,False
2018,m_wb,org,1766.1,regnskap,ud,MOCK,False
2018,m_rdb,org,1359.1,regnskap,ud,MOCK,False
2018,m_gf,org,1715.4,regnskap,ud,MOCK,False
2018,m_unalloc,org,838.0,regnskap,ud,MOCK,False
2019,m_un,org,3556.4,regnskap,ud,MOCK,False
2019,m_wb,org,2166.1,regnskap,ud,MOCK,False
2019,m_rdb,org,1510.0,regnskap,ud,MOCK,False
2019,m_gf,org,1854.5,regnskap,ud,MOCK,False
2019,m_unalloc,org,713.0,regnskap,ud,MOCK,False
2020,m_un,org,4391.9,regnskap,ud,MOCK,False
2020,m_wb,org,2174.3,regnskap,ud,MOCK,False
2020,m_rdb,org,1686.5,regnskap,ud,MOCK,False
2020,m_gf,org,1449.2,regnskap,ud,MOCK,False
2020,m_unalloc,org,598.1,regnskap,ud,MOCK,False
2021,m_un,org,4688.2,regnskap,ud,MOCK,False
2021,m_wb,org,2133.9,regnskap,ud,MOCK,False
2021,m_rdb,org,1328.1,regnskap,ud,MOCK,False
2021,m_gf,org,1777.5,regnskap,ud,MOCK,False
2021,m_unalloc,org,872.3,regnskap,ud,MOCK,False
2022,m_un,org,3587.3,regnskap,ud,MOCK,False
2022,m_wb,org,3240.0,regnskap,ud,MOCK,False
2022,m_rdb,org,1908.8,regnskap,ud,MOCK,False
2022,m_gf,org,2019.4,regnskap,ud,MOCK,False
2022,m_unalloc,org,744.5,regnskap,ud,MOCK,False
2023,m_un,org,5001.6,regnskap,ud,MOCK,False
2023,m_wb,org,2019.7,regnskap,ud,MOCK,False
2023,m_rdb,org,2219.9,regnskap,ud,MOCK,False
2023,m_gf,org,1989.3,regnskap,ud,MOCK,False
2023,m_unalloc,org,769.5,regnskap,ud,MOCK,False
2024,m_un,org,5060.1,regnskap,ud,MOCK,False
2024,m_wb,org,3051.1,regnskap,ud,MOCK,False
2024,m_rdb,org,1416.9,regnskap,ud,MOCK,False
2024,m_gf,org,1720.2,regnskap,ud,MOCK,False
2024,m_unalloc,org,1051.8,regnskap,ud,MOCK,False
2025,m_un,org,4655.7,regnskap,ud,MOCK,False
2025,m_wb,org,2928.2,regnskap,ud,MOCK,False
2025,m_rdb,org,1675.6,regnskap,ud,MOCK,False
2025,m_gf,org,2315.9,regnskap,ud,MOCK,False
2025,m_unalloc,org,1024.6,regnskap,ud,MOCK,False
2026,m_un,org,6243.5,vedtatt,ud,MOCK,False
2026,m_wb,org,2556.9,vedtatt,ud,MOCK,False
2026,m_rdb,org,1441.8,vedtatt,ud,MOCK,False
2026,m_gf,org,1477.4,vedtatt,ud,MOCK,False
2026,m_unalloc,org,1180.3,vedtatt,ud,MOCK,False
2016,pol,eea,604.3,regnskap,ud,MOCK,False
2016,rou,eea,300.8,regnskap,ud,MOCK,False
2016,bgr,eea,138.6,regnskap,ud,MOCK,False
2016,ltu,eea,87.2,regnskap,ud,MOCK,False
2016,lva,eea,95.0,regnskap,ud,MOCK,False
2016,est,eea,60.8,regnskap,ud,MOCK,False
2016,cze,eea,142.9,regnskap,ud,MOCK,False
2016,svk,eea,111.4,regnskap,ud,MOCK,False
2016,hun,eea,82.7,regnskap,ud,MOCK,False
2016,hrv,eea,94.5,regnskap,ud,MOCK,False
2016,grc,eea,88.4,regnskap,ud,MOCK,False
2016,prt,eea,58.5,regnskap,ud,MOCK,False
2016,m_eu,eea,734.8,regnskap,ud,MOCK,False
2017,pol,eea,760.8,regnskap,ud,MOCK,False
2017,rou,eea,297.8,regnskap,ud,MOCK,False
2017,bgr,eea,181.0,regnskap,ud,MOCK,False
2017,ltu,eea,94.8,regnskap,ud,MOCK,False
2017,lva,eea,100.0,regnskap,ud,MOCK,False
2017,est,eea,63.8,regnskap,ud,MOCK,False
2017,cze,eea,138.8,regnskap,ud,MOCK,False
2017,svk,eea,77.2,regnskap,ud,MOCK,False
2017,hun,eea,111.3,regnskap,ud,MOCK,False
2017,hrv,eea,98.9,regnskap,ud,MOCK,False
2017,grc,eea,101.2,regnskap,ud,MOCK,False
2017,prt,eea,62.3,regnskap,ud,MOCK,False
2017,m_eu,eea,612.1,regnskap,ud,MOCK,False
2018,pol,eea,557.1,regnskap,ud,MOCK,False
2018,rou,eea,479.5,regnskap,ud,MOCK,False
2018,bgr,eea,155.2,regnskap,ud,MOCK,False
2018,ltu,eea,124.4,regnskap,ud,MOCK,False
2018,lva,eea,70.5,regnskap,ud,MOCK,False
2018,est,eea,75.4,regnskap,ud,MOCK,False
2018,cze,eea,110.7,regnskap,ud,MOCK,False
2018,svk,eea,130.3,regnskap,ud,MOCK,False
2018,hun,eea,81.8,regnskap,ud,MOCK,False
2018,hrv,eea,94.4,regnskap,ud,MOCK,False
2018,grc,eea,81.5,regnskap,ud,MOCK,False
2018,prt,eea,63.7,regnskap,ud,MOCK,False
2018,m_eu,eea,775.4,regnskap,ud,MOCK,False
2019,pol,eea,612.3,regnskap,ud,MOCK,False
2019,rou,eea,386.3,regnskap,ud,MOCK,False
2019,bgr,eea,175.4,regnskap,ud,MOCK,False
2019,ltu,eea,118.6,regnskap,ud,MOCK,False
2019,lva,eea,78.3,regnskap,ud,MOCK,False
2019,est,eea,60.7,regnskap,ud,MOCK,False
2019,cze,eea,146.7,regnskap,ud,MOCK,False
2019,svk,eea,120.3,regnskap,ud,MOCK,False
2019,hun,eea,120.6,regnskap,ud,MOCK,False
2019,hrv,eea,58.8,regnskap,ud,MOCK,False
2019,grc,eea,88.5,regnskap,ud,MOCK,False
2019,prt,eea,50.3,regnskap,ud,MOCK,False
2019,m_eu,eea,883.0,regnskap,ud,MOCK,False
2020,pol,eea,680.8,regnskap,ud,MOCK,False
2020,rou,eea,357.2,regnskap,ud,MOCK,False
2020,bgr,eea,196.3,regnskap,ud,MOCK,False
2020,ltu,eea,136.7,regnskap,ud,MOCK,False
2020,lva,eea,69.7,regnskap,ud,MOCK,False
2020,est,eea,53.9,regnskap,ud,MOCK,False
2020,cze,eea,114.7,regnskap,ud,MOCK,False
2020,svk,eea,88.5,regnskap,ud,MOCK,False
2020,hun,eea,115.4,regnskap,ud,MOCK,False
2020,hrv,eea,81.8,regnskap,ud,MOCK,False
2020,grc,eea,152.6,regnskap,ud,MOCK,False
2020,prt,eea,57.0,regnskap,ud,MOCK,False
2020,m_eu,eea,995.4,regnskap,ud,MOCK,False
2021,pol,eea,713.4,regnskap,ud,MOCK,False
2021,rou,eea,535.8,regnskap,ud,MOCK,False
2021,bgr,eea,150.3,regnskap,ud,MOCK,False
2021,ltu,eea,142.2,regnskap,ud,MOCK,False
2021,lva,eea,118.7,regnskap,ud,MOCK,False
2021,est,eea,75.6,regnskap,ud,MOCK,False
2021,cze,eea,154.4,regnskap,ud,MOCK,False
2021,svk,eea,152.9,regnskap,ud,MOCK,False
2021,hun,eea,88.8,regnskap,ud,MOCK,False
2021,hrv,eea,122.0,regnskap,ud,MOCK,False
2021,grc,eea,86.7,regnskap,ud,MOCK,False
2021,prt,eea,93.3,regnskap,ud,MOCK,False
2021,m_eu,eea,865.9,regnskap,ud,MOCK,False
2022,pol,eea,924.8,regnskap,ud,MOCK,False
2022,rou,eea,541.8,regnskap,ud,MOCK,False
2022,bgr,eea,144.7,regnskap,ud,MOCK,False
2022,ltu,eea,129.9,regnskap,ud,MOCK,False
2022,lva,eea,77.0,regnskap,ud,MOCK,False
2022,est,eea,81.7,regnskap,ud,MOCK,False
2022,cze,eea,145.3,regnskap,ud,MOCK,False
2022,svk,eea,129.2,regnskap,ud,MOCK,False
2022,hun,eea,161.1,regnskap,ud,MOCK,False
2022,hrv,eea,108.5,regnskap,ud,MOCK,False
2022,grc,eea,93.8,regnskap,ud,MOCK,False
2022,prt,eea,85.2,regnskap,ud,MOCK,False
2022,m_eu,eea,877.1,regnskap,ud,MOCK,False
2023,pol,eea,812.3,regnskap,ud,MOCK,False
2023,rou,eea,554.0,regnskap,ud,MOCK,False
2023,bgr,eea,157.5,regnskap,ud,MOCK,False
2023,ltu,eea,179.8,regnskap,ud,MOCK,False
2023,lva,eea,90.5,regnskap,ud,MOCK,False
2023,est,eea,85.4,regnskap,ud,MOCK,False
2023,cze,eea,143.8,regnskap,ud,MOCK,False
2023,svk,eea,193.3,regnskap,ud,MOCK,False
2023,hun,eea,159.4,regnskap,ud,MOCK,False
2023,hrv,eea,121.8,regnskap,ud,MOCK,False
2023,grc,eea,193.2,regnskap,ud,MOCK,False
2023,prt,eea,73.1,regnskap,ud,MOCK,False
2023,m_eu,eea,935.9,regnskap,ud,MOCK,False
2024,pol,eea,1019.3,regnskap,ud,MOCK,False
2024,rou,eea,534.4,regnskap,ud,MOCK,False
2024,bgr,eea,220.1,regnskap,ud,MOCK,False
2024,ltu,eea,119.8,regnskap,ud,MOCK,False
2024,lva,eea,94.7,regnskap,ud,MOCK,False
2024,est,eea,81.5,regnskap,ud,MOCK,False
2024,cze,eea,202.3,regnskap,ud,MOCK,False
2024,svk,eea,158.8,regnskap,ud,MOCK,False
2024,hun,eea,150.0,regnskap,ud,MOCK,False
2024,hrv,eea,128.0,regnskap,ud,MOCK,False
2024,grc,eea,143.4,regnskap,ud,MOCK,False
2024,prt,eea,74.5,regnskap,ud,MOCK,False
2024,m_eu,eea,973.3,regnskap,ud,MOCK,False
2025,pol,eea,915.5,regnskap,ud,MOCK,False
2025,rou,eea,476.9,regnskap,ud,MOCK,False
2025,bgr,eea,157.6,regnskap,ud,MOCK,False
2025,ltu,eea,155.0,regnskap,ud,MOCK,False
2025,lva,eea,85.8,regnskap,ud,MOCK,False
2025,est,eea,65.3,regnskap,ud,MOCK,False
2025,cze,eea,174.8,regnskap,ud,MOCK,False
2025,svk,eea,122.1,regnskap,ud,MOCK,False
2025,hun,eea,163.2,regnskap,ud,MOCK,False
2025,hrv,eea,130.6,regnskap,ud,MOCK,False
2025,grc,eea,177.7,regnskap,ud,MOCK,False
2025,prt,eea,60.9,regnskap,ud,MOCK,False
2025,m_eu,eea,1414.6,regnskap,ud,MOCK,False
2026,pol,eea,950.9,vedtatt,ud,MOCK,False
2026,rou,eea,484.8,vedtatt,ud,MOCK,False
2026,bgr,eea,272.1,vedtatt,ud,MOCK,False
2026,ltu,eea,220.7,vedtatt,ud,MOCK,False
2026,lva,eea,115.7,vedtatt,ud,MOCK,False
2026,est,eea,81.1,vedtatt,ud,MOCK,False
2026,cze,eea,236.8,vedtatt,ud,MOCK,False
2026,svk,eea,129.7,vedtatt,ud,MOCK,False
2026,hun,eea,221.5,vedtatt,ud,MOCK,False
2026,hrv,eea,130.6,vedtatt,ud,MOCK,False
2026,grc,eea,214.4,vedtatt,ud,MOCK,False
2026,prt,eea,138.3,vedtatt,ud,MOCK,False
2026,m_eu,eea,1103.5,vedtatt,ud,MOCK,False
2016,m_nato,def,900.0,regnskap,fd,MOCK,False
2017,m_nato,def,950.0,regnskap,fd,MOCK,False
2018,m_nato,def,1000.0,regnskap,fd,MOCK,False
2019,m_nato,def,1050.0,regnskap,fd,MOCK,False
2020,m_nato,def,1150.0,regnskap,fd,MOCK,False
2021,m_nato,def,1200.0,regnskap,fd,MOCK,False
2022,m_nato,def,1400.0,regnskap,fd,MOCK,False
2023,m_nato,def,1700.0,regnskap,fd,MOCK,False
2024,m_nato,def,2200.0,regnskap,fd,MOCK,False
2025,m_nato,def,2600.0,regnskap,fd,MOCK,False
2026,m_nato,def,3000.0,vedtatt,fd,MOCK,False
2016,bra,clim,1051.1,regnskap,norad,MOCK,False
2016,idn,clim,632.1,regnskap,norad,MOCK,False
2016,guy,clim,306.4,regnskap,norad,MOCK,False
2016,col,clim,318.9,regnskap,norad,MOCK,False
2016,cod,clim,307.1,regnskap,norad,MOCK,False
2016,per,clim,262.8,regnskap,norad,MOCK,False
2016,eth,clim,111.5,regnskap,norad,MOCK,False
2016,m_unalloc,clim,310.2,regnskap,norad,MOCK,False
2017,bra,clim,917.0,regnskap,norad,MOCK,False
2017,idn,clim,585.9,regnskap,norad,MOCK,False
2017,guy,clim,331.2,regnskap,norad,MOCK,False
2017,col,clim,644.8,regnskap,norad,MOCK,False
2017,cod,clim,307.2,regnskap,norad,MOCK,False
2017,per,clim,332.8,regnskap,norad,MOCK,False
2017,eth,clim,114.2,regnskap,norad,MOCK,False
2017,m_unalloc,clim,266.8,regnskap,norad,MOCK,False
2018,bra,clim,1297.0,regnskap,norad,MOCK,False
2018,idn,clim,490.9,regnskap,norad,MOCK,False
2018,guy,clim,343.9,regnskap,norad,MOCK,False
2018,col,clim,537.0,regnskap,norad,MOCK,False
2018,cod,clim,240.3,regnskap,norad,MOCK,False
2018,per,clim,277.2,regnskap,norad,MOCK,False
2018,eth,clim,93.8,regnskap,norad,MOCK,False
2018,m_unalloc,clim,320.0,regnskap,norad,MOCK,False
2019,bra,clim,1403.7,regnskap,norad,MOCK,False
2019,idn,clim,497.1,regnskap,norad,MOCK,False
2019,guy,clim,255.2,regnskap,norad,MOCK,False
2019,col,clim,562.1,regnskap,norad,MOCK,False
2019,cod,clim,265.5,regnskap,norad,MOCK,False
2019,per,clim,261.4,regnskap,norad,MOCK,False
2019,eth,clim,180.1,regnskap,norad,MOCK,False
2019,m_unalloc,clim,374.9,regnskap,norad,MOCK,False
2020,bra,clim,1091.9,regnskap,norad,MOCK,False
2020,idn,clim,690.4,regnskap,norad,MOCK,False
2020,guy,clim,236.5,regnskap,norad,MOCK,False
2020,col,clim,665.3,regnskap,norad,MOCK,False
2020,cod,clim,314.5,regnskap,norad,MOCK,False
2020,per,clim,256.0,regnskap,norad,MOCK,False
2020,eth,clim,123.1,regnskap,norad,MOCK,False
2020,m_unalloc,clim,522.3,regnskap,norad,MOCK,False
2021,bra,clim,1243.5,regnskap,norad,MOCK,False
2021,idn,clim,612.7,regnskap,norad,MOCK,False
2021,guy,clim,357.4,regnskap,norad,MOCK,False
2021,col,clim,530.6,regnskap,norad,MOCK,False
2021,cod,clim,225.3,regnskap,norad,MOCK,False
2021,per,clim,393.2,regnskap,norad,MOCK,False
2021,eth,clim,176.4,regnskap,norad,MOCK,False
2021,m_unalloc,clim,460.8,regnskap,norad,MOCK,False
2022,bra,clim,1256.0,regnskap,norad,MOCK,False
2022,idn,clim,518.3,regnskap,norad,MOCK,False
2022,guy,clim,274.0,regnskap,norad,MOCK,False
2022,col,clim,590.2,regnskap,norad,MOCK,False
2022,cod,clim,375.0,regnskap,norad,MOCK,False
2022,per,clim,283.5,regnskap,norad,MOCK,False
2022,eth,clim,183.0,regnskap,norad,MOCK,False
2022,m_unalloc,clim,320.0,regnskap,norad,MOCK,False
2023,bra,clim,1380.8,regnskap,norad,MOCK,False
2023,idn,clim,785.5,regnskap,norad,MOCK,False
2023,guy,clim,364.4,regnskap,norad,MOCK,False
2023,col,clim,436.7,regnskap,norad,MOCK,False
2023,cod,clim,240.1,regnskap,norad,MOCK,False
2023,per,clim,234.1,regnskap,norad,MOCK,False
2023,eth,clim,149.2,regnskap,norad,MOCK,False
2023,m_unalloc,clim,309.2,regnskap,norad,MOCK,False
2024,bra,clim,1175.4,regnskap,norad,MOCK,False
2024,idn,clim,764.0,regnskap,norad,MOCK,False
2024,guy,clim,258.1,regnskap,norad,MOCK,False
2024,col,clim,571.3,regnskap,norad,MOCK,False
2024,cod,clim,301.3,regnskap,norad,MOCK,False
2024,per,clim,281.3,regnskap,norad,MOCK,False
2024,eth,clim,156.0,regnskap,norad,MOCK,False
2024,m_unalloc,clim,492.6,regnskap,norad,MOCK,False
2025,bra,clim,1285.9,regnskap,norad,MOCK,False
2025,idn,clim,759.9,regnskap,norad,MOCK,False
2025,guy,clim,377.8,regnskap,norad,MOCK,False
2025,col,clim,524.6,regnskap,norad,MOCK,False
2025,cod,clim,382.7,regnskap,norad,MOCK,False
2025,per,clim,247.5,regnskap,norad,MOCK,False
2025,eth,clim,157.5,regnskap,norad,MOCK,False
2025,m_unalloc,clim,364.1,regnskap,norad,MOCK,False
2026,bra,clim,1520.3,vedtatt,norad,MOCK,False
2026,idn,clim,622.3,vedtatt,norad,MOCK,False
2026,guy,clim,385.1,vedtatt,norad,MOCK,False
2026,col,clim,512.4,vedtatt,norad,MOCK,False
2026,cod,clim,259.6,vedtatt,norad,MOCK,False
2026,per,clim,351.1,vedtatt,norad,MOCK,False
2026,eth,clim,186.6,vedtatt,norad,MOCK,False
2026,m_unalloc,clim,362.7,vedtatt,norad,MOCK,False
