id,year,recipient_id,category_id,title_nb,title_en,purpose_nb,purpose_en,grantee,amount_mnok,source_id,source_ref,verified
mock-2024-tza-dev-0,2024,tza,dev,Utdanningsprogram (eksempeldata),Education programme (sample data),Styrke grunnutdanning og lærerutdanning.,Strengthen basic and teacher education.,Eksempelmottaker (mock),749.2,norad,MOCK,False
mock-2024-tza-dev-1,2024,tza,dev,Helsesystemstøtte (eksempeldata),Health system support (sample data),Bedre primærhelsetjenester.,Improve primary health services.,Eksempelmottaker (mock),622.1,norad,MOCK,False
mock-2024-tza-dev-2,2024,tza,dev,Næringsutvikling (eksempeldata),Economic development (sample data),Støtte til små og mellomstore bedrifter.,Support for small and medium enterprises.,Eksempelmottaker (mock),649.8,norad,MOCK,False
mock-2024-uga-dev-0,2024,uga,dev,Utdanningsprogram (eksempeldata),Education programme (sample data),Styrke grunnutdanning og lærerutdanning.,Strengthen basic and teacher education.,Eksempelmottaker (mock),348.1,norad,MOCK,False
mock-2024-uga-dev-1,2024,uga,dev,Helsesystemstøtte (eksempeldata),Health system support (sample data),Bedre primærhelsetjenester.,Improve primary health services.,Eksempelmottaker (mock),326.3,norad,MOCK,False
mock-2024-uga-dev-2,2024,uga,dev,Næringsutvikling (eksempeldata),Economic development (sample data),Støtte til små og mellomstore bedrifter.,Support for small and medium enterprises.,Eksempelmottaker (mock),538.0,norad,MOCK,False
mock-2024-moz-dev-0,2024,moz,dev,Utdanningsprogram (eksempeldata),Education programme (sample data),Styrke grunnutdanning og lærerutdanning.,Strengthen basic and teacher education.,Eksempelmottaker (mock),473.0,norad,MOCK,False
mock-2024-moz-dev-1,2024,moz,dev,Helsesystemstøtte (eksempeldata),Health system support (sample data),Bedre primærhelsetjenester.,Improve primary health services.,Eksempelmottaker (mock),384.4,norad,MOCK,False
mock-2024-moz-dev-2,2024,moz,dev,Næringsutvikling (eksempeldata),Economic development (sample data),Støtte til små og mellomstore bedrifter.,Support for small and medium enterprises.,Eksempelmottaker (mock),375.9,norad,MOCK,False
mock-2024-mwi-dev-0,2024,mwi,dev,Utdanningsprogram (eksempeldata),Education programme (sample data),Styrke grunnutdanning og lærerutdanning.,Strengthen basic and teacher education.,Eksempelmottaker (mock),364.3,norad,MOCK,False
mock-2024-mwi-dev-1,2024,mwi,dev,Helsesystemstøtte (eksempeldata),Health system support (sample data),Bedre primærhelsetjenester.,Improve primary health services.,Eksempelmottaker (mock),381.1,norad,MOCK,False
mock-2024-mwi-dev-2,2024,mwi,dev,Næringsutvikling (eksempeldata),Economic development (sample data),Støtte til små og mellomstore bedrifter.,Support for small and medium enterprises.,Eksempelmottaker (mock),623.7,norad,MOCK,False
mock-2024-zmb-dev-0,2024,zmb,dev,Utdanningsprogram (eksempeldata),Education programme (sample data),Styrke grunnutdanning og lærerutdanning.,Strengthen basic and teacher education.,Eksempelmottaker (mock),220.6,norad,MOCK,False
mock-2024-zmb-dev-1,2024,zmb,dev,Helsesystemstøtte (eksempeldata),Health system support (sample data),Bedre primærhelsetjenester.,Improve primary health services.,Eksempelmottaker (mock),257.0,norad,MOCK,False
mock-2024-zmb-dev-2,2024,zmb,dev,Næringsutvikling (eksempeldata),Economic development (sample data),Støtte til små og mellomstore bedrifter.,Support for small and medium enterprises.,Eksempelmottaker (mock),589.3,norad,MOCK,False
mock-2024-eth-dev-0,2024,eth,dev,Utdanningsprogram (eksempeldata),Education programme (sample data),Styrke grunnutdanning og lærerutdanning.,Strengthen basic and teacher education.,Eksempelmottaker (mock),533.2,norad,MOCK,False
mock-2024-eth-dev-1,2024,eth,dev,Helsesystemstøtte (eksempeldata),Health system support (sample data),Bedre primærhelsetjenester.,Improve primary health services.,Eksempelmottaker (mock),270.2,norad,MOCK,False
mock-2024-eth-dev-2,2024,eth,dev,Næringsutvikling (eksempeldata),Economic development (sample data),Støtte til små og mellomstore bedrifter.,Support for small and medium enterprises.,Eksempelmottaker (mock),368.8,norad,MOCK,False
mock-2024-ken-dev-0,2024,ken,dev,Utdanningsprogram (eksempeldata),Education programme (sample data),Styrke grunnutdanning og lærerutdanning.,Strengthen basic and teacher education.,Eksempelmottaker (mock),180.9,norad,MOCK,False
mock-2024-ken-dev-1,2024,ken,dev,Helsesystemstøtte (eksempeldata),Health system support (sample data),Bedre primærhelsetjenester.,Improve primary health services.,Eksempelmottaker (mock),211.1,norad,MOCK,False
mock-2024-nep-dev-0,2024,nep,dev,Utdanningsprogram (eksempeldata),Education programme (sample data),Styrke grunnutdanning og lærerutdanning.,Strengthen basic and teacher education.,Eksempelmottaker (mock),597.1,norad,MOCK,False
mock-2024-nep-dev-1,2024,nep,dev,Helsesystemstøtte (eksempeldata),Health system support (sample data),Bedre primærhelsetjenester.,Improve primary health services.,Eksempelmottaker (mock),262.8,norad,MOCK,False
mock-2024-nep-dev-2,2024,nep,dev,Næringsutvikling (eksempeldata),Economic development (sample data),Støtte til små og mellomstore bedrifter.,Support for small and medium enterprises.,Eksempelmottaker (mock),431.1,norad,MOCK,False
mock-2024-bgd-dev-0,2024,bgd,dev,Utdanningsprogram (eksempeldata),Education programme (sample data),Styrke grunnutdanning og lærerutdanning.,Strengthen basic and teacher education.,Eksempelmottaker (mock),138.6,norad,MOCK,False
mock-2024-bgd-dev-1,2024,bgd,dev,Helsesystemstøtte (eksempeldata),Health system support (sample data),Bedre primærhelsetjenester.,Improve primary health services.,Eksempelmottaker (mock),334.5,norad,MOCK,False
mock-2024-mli-dev-0,2024,mli,dev,Utdanningsprogram (eksempeldata),Education programme (sample data),Styrke grunnutdanning og lærerutdanning.,Strengthen basic and teacher education.,Eksempelmottaker (mock),112.1,norad,MOCK,False
mock-2024-mli-dev-1,2024,mli,dev,Helsesystemstøtte (eksempeldata),Health system support (sample data),Bedre primærhelsetjenester.,Improve primary health services.,Eksempelmottaker (mock),220.6,norad,MOCK,False
mock-2024-ner-dev-0,2024,ner,dev,Utdanningsprogram (eksempeldata),Education programme (sample data),Styrke grunnutdanning og lærerutdanning.,Strengthen basic and teacher education.,Eksempelmottaker (mock),147.8,norad,MOCK,False
mock-2024-ner-dev-1,2024,ner,dev,Helsesystemstøtte (eksempeldata),Health system support (sample data),Bedre primærhelsetjenester.,Improve primary health services.,Eksempelmottaker (mock),66.1,norad,MOCK,False
mock-2024-nga-dev-0,2024,nga,dev,Utdanningsprogram (eksempeldata),Education programme (sample data),Styrke grunnutdanning og lærerutdanning.,Strengthen basic and teacher education.,Eksempelmottaker (mock),137.9,norad,MOCK,False
mock-2024-nga-dev-1,2024,nga,dev,Helsesystemstøtte (eksempeldata),Health system support (sample data),Bedre primærhelsetjenester.,Improve primary health services.,Eksempelmottaker (mock),191.6,norad,MOCK,False
mock-2024-gha-dev-0,2024,gha,dev,Utdanningsprogram (eksempeldata),Education programme (sample data),Styrke grunnutdanning og lærerutdanning.,Strengthen basic and teacher education.,Eksempelmottaker (mock),167.6,norad,MOCK,False
mock-2024-gha-dev-1,2024,gha,dev,Helsesystemstøtte (eksempeldata),Health system support (sample data),Bedre primærhelsetjenester.,Improve primary health services.,Eksempelmottaker (mock),199.9,norad,MOCK,False
mock-2024-lbr-dev-0,2024,lbr,dev,Utdanningsprogram (eksempeldata),Education programme (sample data),Styrke grunnutdanning og lærerutdanning.,Strengthen basic and teacher education.,Eksempelmottaker (mock),177.7,norad,MOCK,False
mock-2024-lbr-dev-1,2024,lbr,dev,Helsesystemstøtte (eksempeldata),Health system support (sample data),Bedre primærhelsetjenester.,Improve primary health services.,Eksempelmottaker (mock),152.5,norad,MOCK,False
mock-2024-col-dev-0,2024,col,dev,Utdanningsprogram (eksempeldata),Education programme (sample data),Styrke grunnutdanning og lærerutdanning.,Strengthen basic and teacher education.,Eksempelmottaker (mock),215.8,norad,MOCK,False
mock-2024-col-dev-1,2024,col,dev,Helsesystemstøtte (eksempeldata),Health system support (sample data),Bedre primærhelsetjenester.,Improve primary health services.,Eksempelmottaker (mock),179.2,norad,MOCK,False
mock-2024-pak-dev-0,2024,pak,dev,Utdanningsprogram (eksempeldata),Education programme (sample data),Styrke grunnutdanning og lærerutdanning.,Strengthen basic and teacher education.,Eksempelmottaker (mock),104.8,norad,MOCK,False
mock-2024-pak-dev-1,2024,pak,dev,Helsesystemstøtte (eksempeldata),Health system support (sample data),Bedre primærhelsetjenester.,Improve primary health services.,Eksempelmottaker (mock),114.4,norad,MOCK,False
mock-2024-m_un-dev-0,2024,m_un,dev,Utdanningsprogram (eksempeldata),Education programme (sample data),Styrke grunnutdanning og lærerutdanning.,Strengthen basic and teacher education.,Eksempelmottaker (mock),427.4,norad,MOCK,False
mock-2024-m_un-dev-1,2024,m_un,dev,Helsesystemstøtte (eksempeldata),Health system support (sample data),Bedre primærhelsetjenester.,Improve primary health services.,Eksempelmottaker (mock),357.0,norad,MOCK,False
mock-2024-m_unalloc-dev-0,2024,m_unalloc,dev,Utdanningsprogram (eksempeldata),Education programme (sample data),Styrke grunnutdanning og lærerutdanning.,Strengthen basic and teacher education.,Eksempelmottaker (mock),1149.7,norad,MOCK,False
mock-2024-m_unalloc-dev-1,2024,m_unalloc,dev,Helsesystemstøtte (eksempeldata),Health system support (sample data),Bedre primærhelsetjenester.,Improve primary health services.,Eksempelmottaker (mock),1643.3,norad,MOCK,False
mock-2024-m_unalloc-dev-2,2024,m_unalloc,dev,Næringsutvikling (eksempeldata),Economic development (sample data),Støtte til små og mellomstore bedrifter.,Support for small and medium enterprises.,Eksempelmottaker (mock),1458.2,norad,MOCK,False
mock-2025-tza-dev-0,2025,tza,dev,Utdanningsprogram (eksempeldata),Education programme (sample data),Styrke grunnutdanning og lærerutdanning.,Strengthen basic and teacher education.,Eksempelmottaker (mock),658.6,norad,MOCK,False
mock-2025-tza-dev-1,2025,tza,dev,Helsesystemstøtte (eksempeldata),Health system support (sample data),Bedre primærhelsetjenester.,Improve primary health services.,Eksempelmottaker (mock),360.8,norad,MOCK,False
mock-2025-tza-dev-2,2025,tza,dev,Næringsutvikling (eksempeldata),Economic development (sample data),Støtte til små og mellomstore bedrifter.,Support for small and medium enterprises.,Eksempelmottaker (mock),403.5,norad,MOCK,False
mock-2025-uga-dev-0,2025,uga,dev,Utdanningsprogram (eksempeldata),Education programme (sample data),Styrke grunnutdanning og lærerutdanning.,Strengthen basic and teacher education.,Eksempelmottaker (mock),269.1,norad,MOCK,False
mock-2025-uga-dev-1,2025,uga,dev,Helsesystemstøtte (eksempeldata),Health system support (sample data),Bedre primærhelsetjenester.,Improve primary health services.,Eksempelmottaker (mock),260.5,norad,MOCK,False
mock-2025-uga-dev-2,2025,uga,dev,Næringsutvikling (eksempeldata),Economic development (sample data),Støtte til små og mellomstore bedrifter.,Support for small and medium enterprises.,Eksempelmottaker (mock),375.9,norad,MOCK,False
mock-2025-moz-dev-0,2025,moz,dev,Utdanningsprogram (eksempeldata),Education programme (sample data),Styrke grunnutdanning og lærerutdanning.,Strengthen basic and teacher education.,Eksempelmottaker (mock),770.8,norad,MOCK,False
mock-2025-moz-dev-1,2025,moz,dev,Helsesystemstøtte (eksempeldata),Health system support (sample data),Bedre primærhelsetjenester.,Improve primary health services.,Eksempelmottaker (mock),453.7,norad,MOCK,False
mock-2025-moz-dev-2,2025,moz,dev,Næringsutvikling (eksempeldata),Economic development (sample data),Støtte til små og mellomstore bedrifter.,Support for small and medium enterprises.,Eksempelmottaker (mock),771.3,norad,MOCK,False
mock-2025-mwi-dev-0,2025,mwi,dev,Utdanningsprogram (eksempeldata),Education programme (sample data),Styrke grunnutdanning og lærerutdanning.,Strengthen basic and teacher education.,Eksempelmottaker (mock),501.2,norad,MOCK,False
mock-2025-mwi-dev-1,2025,mwi,dev,Helsesystemstøtte (eksempeldata),Health system support (sample data),Bedre primærhelsetjenester.,Improve primary health services.,Eksempelmottaker (mock),590.4,norad,MOCK,False
mock-2025-mwi-dev-2,2025,mwi,dev,Næringsutvikling (eksempeldata),Economic development (sample data),Støtte til små og mellomstore bedrifter.,Support for small and medium enterprises.,Eksempelmottaker (mock),414.2,norad,MOCK,False
mock-2025-zmb-dev-0,2025,zmb,dev,Utdanningsprogram (eksempeldata),Education programme (sample data),Styrke grunnutdanning og lærerutdanning.,Strengthen basic and teacher education.,Eksempelmottaker (mock),673.6,norad,MOCK,False
mock-2025-zmb-dev-1,2025,zmb,dev,Helsesystemstøtte (eksempeldata),Health system support (sample data),Bedre primærhelsetjenester.,Improve primary health services.,Eksempelmottaker (mock),206.8,norad,MOCK,False
mock-2025-zmb-dev-2,2025,zmb,dev,Næringsutvikling (eksempeldata),Economic development (sample data),Støtte til små og mellomstore bedrifter.,Support for small and medium enterprises.,Eksempelmottaker (mock),564.6,norad,MOCK,False
mock-2025-eth-dev-0,2025,eth,dev,Utdanningsprogram (eksempeldata),Education programme (sample data),Styrke grunnutdanning og lærerutdanning.,Strengthen basic and teacher education.,Eksempelmottaker (mock),555.1,norad,MOCK,False
mock-2025-eth-dev-1,2025,eth,dev,Helsesystemstøtte (eksempeldata),Health system support (sample data),Bedre primærhelsetjenester.,Improve primary health services.,Eksempelmottaker (mock),207.9,norad,MOCK,False
mock-2025-eth-dev-2,2025,eth,dev,Næringsutvikling (eksempeldata),Economic development (sample data),Støtte til små og mellomstore bedrifter.,Support for small and medium enterprises.,Eksempelmottaker (mock),456.8,norad,MOCK,False
mock-2025-ken-dev-0,2025,ken,dev,Utdanningsprogram (eksempeldata),Education programme (sample data),Styrke grunnutdanning og lærerutdanning.,Strengthen basic and teacher education.,Eksempelmottaker (mock),168.1,norad,MOCK,False
mock-2025-ken-dev-1,2025,ken,dev,Helsesystemstøtte (eksempeldata),Health system support (sample data),Bedre primærhelsetjenester.,Improve primary health services.,Eksempelmottaker (mock),296.4,norad,MOCK,False
mock-2025-nep-dev-0,2025,nep,dev,Utdanningsprogram (eksempeldata),Education programme (sample data),Styrke grunnutdanning og lærerutdanning.,Strengthen basic and teacher education.,Eksempelmottaker (mock),368.8,norad,MOCK,False
mock-2025-nep-dev-1,2025,nep,dev,Helsesystemstøtte (eksempeldata),Health system support (sample data),Bedre primærhelsetjenester.,Improve primary health services.,Eksempelmottaker (mock),382.5,norad,MOCK,False
mock-2025-bgd-dev-0,2025,bgd,dev,Utdanningsprogram (eksempeldata),Education programme (sample data),Styrke grunnutdanning og lærerutdanning.,Strengthen basic and teacher education.,Eksempelmottaker (mock),285.0,norad,MOCK,False
mock-2025-bgd-dev-1,2025,bgd,dev,Helsesystemstøtte (eksempeldata),Health system support (sample data),Bedre primærhelsetjenester.,Improve primary health services.,Eksempelmottaker (mock),280.5,norad,MOCK,False
mock-2025-mli-dev-0,2025,mli,dev,Utdanningsprogram (eksempeldata),Education programme (sample data),Styrke grunnutdanning og lærerutdanning.,Strengthen basic and teacher education.,Eksempelmottaker (mock),168.9,norad,MOCK,False
mock-2025-mli-dev-1,2025,mli,dev,Helsesystemstøtte (eksempeldata),Health system support (sample data),Bedre primærhelsetjenester.,Improve primary health services.,Eksempelmottaker (mock),138.7,norad,MOCK,False
mock-2025-ner-dev-0,2025,ner,dev,Utdanningsprogram (eksempeldata),Education programme (sample data),Styrke grunnutdanning og lærerutdanning.,Strengthen basic and teacher education.,Eksempelmottaker (mock),224.9,norad,MOCK,False
mock-2025-ner-dev-1,2025,ner,dev,Helsesystemstøtte (eksempeldata),Health system support (sample data),Bedre primærhelsetjenester.,Improve primary health services.,Eksempelmottaker (mock),211.7,norad,MOCK,False
mock-2025-nga-dev-0,2025,nga,dev,Utdanningsprogram (eksempeldata),Education programme (sample data),Styrke grunnutdanning og lærerutdanning.,Strengthen basic and teacher education.,Eksempelmottaker (mock),87.5,norad,MOCK,False
mock-2025-nga-dev-1,2025,nga,dev,Helsesystemstøtte (eksempeldata),Health system support (sample data),Bedre primærhelsetjenester.,Improve primary health services.,Eksempelmottaker (mock),215.0,norad,MOCK,False
mock-2025-gha-dev-0,2025,gha,dev,Utdanningsprogram (eksempeldata),Education programme (sample data),Styrke grunnutdanning og lærerutdanning.,Strengthen basic and teacher education.,Eksempelmottaker (mock),130.4,norad,MOCK,False
mock-2025-gha-dev-1,2025,gha,dev,Helsesystemstøtte (eksempeldata),Health system support (sample data),Bedre primærhelsetjenester.,Improve primary health services.,Eksempelmottaker (mock),74.5,norad,MOCK,False
mock-2025-lbr-dev-0,2025,lbr,dev,Utdanningsprogram (eksempeldata),Education programme (sample data),Styrke grunnutdanning og lærerutdanning.,Strengthen basic and teacher education.,Eksempelmottaker (mock),266.5,norad,MOCK,False
mock-2025-lbr-dev-1,2025,lbr,dev,Helsesystemstøtte (eksempeldata),Health system support (sample data),Bedre primærhelsetjenester.,Improve primary health services.,Eksempelmottaker (mock),229.0,norad,MOCK,False
mock-2025-col-dev-0,2025,col,dev,Utdanningsprogram (eksempeldata),Education programme (sample data),Styrke grunnutdanning og lærerutdanning.,Strengthen basic and teacher education.,Eksempelmottaker (mock),272.7,norad,MOCK,False
mock-2025-col-dev-1,2025,col,dev,Helsesystemstøtte (eksempeldata),Health system support (sample data),Bedre primærhelsetjenester.,Improve primary health services.,Eksempelmottaker (mock),327.8,norad,MOCK,False
mock-2025-pak-dev-0,2025,pak,dev,Utdanningsprogram (eksempeldata),Education programme (sample data),Styrke grunnutdanning og lærerutdanning.,Strengthen basic and teacher education.,Eksempelmottaker (mock),116.4,norad,MOCK,False
mock-2025-pak-dev-1,2025,pak,dev,Helsesystemstøtte (eksempeldata),Health system support (sample data),Bedre primærhelsetjenester.,Improve primary health services.,Eksempelmottaker (mock),126.8,norad,MOCK,False
mock-2025-m_un-dev-0,2025,m_un,dev,Utdanningsprogram (eksempeldata),Education programme (sample data),Styrke grunnutdanning og lærerutdanning.,Strengthen basic and teacher education.,Eksempelmottaker (mock),448.8,norad,MOCK,False
mock-2025-m_un-dev-1,2025,m_un,dev,Helsesystemstøtte (eksempeldata),Health system support (sample data),Bedre primærhelsetjenester.,Improve primary health services.,Eksempelmottaker (mock),528.0,norad,MOCK,False
mock-2025-m_un-dev-2,2025,m_un,dev,Næringsutvikling (eksempeldata),Economic development (sample data),Støtte til små og mellomstore bedrifter.,Support for small and medium enterprises.,Eksempelmottaker (mock),538.0,norad,MOCK,False
mock-2025-m_unalloc-dev-0,2025,m_unalloc,dev,Utdanningsprogram (eksempeldata),Education programme (sample data),Styrke grunnutdanning og lærerutdanning.,Strengthen basic and teacher education.,Eksempelmottaker (mock),700.6,norad,MOCK,False
mock-2025-m_unalloc-dev-1,2025,m_unalloc,dev,Helsesystemstøtte (eksempeldata),Health system support (sample data),Bedre primærhelsetjenester.,Improve primary health services.,Eksempelmottaker (mock),1027.4,norad,MOCK,False
mock-2025-m_unalloc-dev-2,2025,m_unalloc,dev,Næringsutvikling (eksempeldata),Economic development (sample data),Støtte til små og mellomstore bedrifter.,Support for small and medium enterprises.,Eksempelmottaker (mock),1321.2,norad,MOCK,False
mock-2026-tza-dev-0,2026,tza,dev,Utdanningsprogram (eksempeldata),Education programme (sample data),Styrke grunnutdanning og lærerutdanning.,Strengthen basic and teacher education.,Eksempelmottaker (mock),669.1,norad,MOCK,False
mock-2026-tza-dev-1,2026,tza,dev,Helsesystemstøtte (eksempeldata),Health system support (sample data),Bedre primærhelsetjenester.,Improve primary health services.,Eksempelmottaker (mock),303.7,norad,MOCK,False
mock-2026-tza-dev-2,2026,tza,dev,Næringsutvikling (eksempeldata),Economic development (sample data),Støtte til små og mellomstore bedrifter.,Support for small and medium enterprises.,Eksempelmottaker (mock),435.8,norad,MOCK,False
mock-2026-uga-dev-0,2026,uga,dev,Utdanningsprogram (eksempeldata),Education programme (sample data),Styrke grunnutdanning og lærerutdanning.,Strengthen basic and teacher education.,Eksempelmottaker (mock),683.4,norad,MOCK,False
mock-2026-uga-dev-1,2026,uga,dev,Helsesystemstøtte (eksempeldata),Health system support (sample data),Bedre primærhelsetjenester.,Improve primary health services.,Eksempelmottaker (mock),694.9,norad,MOCK,False
mock-2026-uga-dev-2,2026,uga,dev,Næringsutvikling (eksempeldata),Economic development (sample data),Støtte til små og mellomstore bedrifter.,Support for small and medium enterprises.,Eksempelmottaker (mock),608.6,norad,MOCK,False
mock-2026-moz-dev-0,2026,moz,dev,Utdanningsprogram (eksempeldata),Education programme (sample data),Styrke grunnutdanning og lærerutdanning.,Strengthen basic and teacher education.,Eksempelmottaker (mock),428.4,norad,MOCK,False
mock-2026-moz-dev-1,2026,moz,dev,Helsesystemstøtte (eksempeldata),Health system support (sample data),Bedre primærhelsetjenester.,Improve primary health services.,Eksempelmottaker (mock),614.3,norad,MOCK,False
mock-2026-moz-dev-2,2026,moz,dev,Næringsutvikling (eksempeldata),Economic development (sample data),Støtte til små og mellomstore bedrifter.,Support for small and medium enterprises.,Eksempelmottaker (mock),279.2,norad,MOCK,False
mock-2026-mwi-dev-0,2026,mwi,dev,Utdanningsprogram (eksempeldata),Education programme (sample data),Styrke grunnutdanning og lærerutdanning.,Strengthen basic and teacher education.,Eksempelmottaker (mock),363.9,norad,MOCK,False
mock-2026-mwi-dev-1,2026,mwi,dev,Helsesystemstøtte (eksempeldata),Health system support (sample data),Bedre primærhelsetjenester.,Improve primary health services.,Eksempelmottaker (mock),182.9,norad,MOCK,False
mock-2026-mwi-dev-2,2026,mwi,dev,Næringsutvikling (eksempeldata),Economic development (sample data),Støtte til små og mellomstore bedrifter.,Support for small and medium enterprises.,Eksempelmottaker (mock),174.5,norad,MOCK,False
mock-2026-zmb-dev-0,2026,zmb,dev,Utdanningsprogram (eksempeldata),Education programme (sample data),Styrke grunnutdanning og lærerutdanning.,Strengthen basic and teacher education.,Eksempelmottaker (mock),343.8,norad,MOCK,False
mock-2026-zmb-dev-1,2026,zmb,dev,Helsesystemstøtte (eksempeldata),Health system support (sample data),Bedre primærhelsetjenester.,Improve primary health services.,Eksempelmottaker (mock),323.1,norad,MOCK,False
mock-2026-eth-dev-0,2026,eth,dev,Utdanningsprogram (eksempeldata),Education programme (sample data),Styrke grunnutdanning og lærerutdanning.,Strengthen basic and teacher education.,Eksempelmottaker (mock),398.2,norad,MOCK,False
mock-2026-eth-dev-1,2026,eth,dev,Helsesystemstøtte (eksempeldata),Health system support (sample data),Bedre primærhelsetjenester.,Improve primary health services.,Eksempelmottaker (mock),194.4,norad,MOCK,False
mock-2026-ken-dev-0,2026,ken,dev,Utdanningsprogram (eksempeldata),Education programme (sample data),Styrke grunnutdanning og lærerutdanning.,Strengthen basic and teacher education.,Eksempelmottaker (mock),200.8,norad,MOCK,False
mock-2026-ken-dev-1,2026,ken,dev,Helsesystemstøtte (eksempeldata),Health system support (sample data),Bedre primærhelsetjenester.,Improve primary health services.,Eksempelmottaker (mock),210.6,norad,MOCK,False
mock-2026-nep-dev-0,2026,nep,dev,Utdanningsprogram (eksempeldata),Education programme (sample data),Styrke grunnutdanning og lærerutdanning.,Strengthen basic and teacher education.,Eksempelmottaker (mock),603.5,norad,MOCK,False
mock-2026-nep-dev-1,2026,nep,dev,Helsesystemstøtte (eksempeldata),Health system support (sample data),Bedre primærhelsetjenester.,Improve primary health services.,Eksempelmottaker (mock),209.2,norad,MOCK,False
mock-2026-nep-dev-2,2026,nep,dev,Næringsutvikling (eksempeldata),Economic development (sample data),Støtte til små og mellomstore bedrifter.,Support for small and medium enterprises.,Eksempelmottaker (mock),230.9,norad,MOCK,False
mock-2026-bgd-dev-0,2026,bgd,dev,Utdanningsprogram (eksempeldata),Education programme (sample data),Styrke grunnutdanning og lærerutdanning.,Strengthen basic and teacher education.,Eksempelmottaker (mock),127.6,norad,MOCK,False
mock-2026-bgd-dev-1,2026,bgd,dev,Helsesystemstøtte (eksempeldata),Health system support (sample data),Bedre primærhelsetjenester.,Improve primary health services.,Eksempelmottaker (mock),141.0,norad,MOCK,False
mock-2026-mli-dev-0,2026,mli,dev,Utdanningsprogram (eksempeldata),Education programme (sample data),Styrke grunnutdanning og lærerutdanning.,Strengthen basic and teacher education.,Eksempelmottaker (mock),281.4,norad,MOCK,False
mock-2026-mli-dev-1,2026,mli,dev,Helsesystemstøtte (eksempeldata),Health system support (sample data),Bedre primærhelsetjenester.,Improve primary health services.,Eksempelmottaker (mock),195.2,norad,MOCK,False
mock-2026-ner-dev-0,2026,ner,dev,Utdanningsprogram (eksempeldata),Education programme (sample data),Styrke grunnutdanning og lærerutdanning.,Strengthen basic and teacher education.,Eksempelmottaker (mock),140.2,norad,MOCK,False
mock-2026-ner-dev-1,2026,ner,dev,Helsesystemstøtte (eksempeldata),Health system support (sample data),Bedre primærhelsetjenester.,Improve primary health services.,Eksempelmottaker (mock),104.9,norad,MOCK,False
mock-2026-nga-dev-0,2026,nga,dev,Utdanningsprogram (eksempeldata),Education programme (sample data),Styrke grunnutdanning og lærerutdanning.,Strengthen basic and teacher education.,Eksempelmottaker (mock),255.6,norad,MOCK,False
mock-2026-nga-dev-1,2026,nga,dev,Helsesystemstøtte (eksempeldata),Health system support (sample data),Bedre primærhelsetjenester.,Improve primary health services.,Eksempelmottaker (mock),257.0,norad,MOCK,False
mock-2026-gha-dev-0,2026,gha,dev,Utdanningsprogram (eksempeldata),Education programme (sample data),Styrke grunnutdanning og lærerutdanning.,Strengthen basic and teacher education.,Eksempelmottaker (mock),120.8,norad,MOCK,False
mock-2026-gha-dev-1,2026,gha,dev,Helsesystemstøtte (eksempeldata),Health system support (sample data),Bedre primærhelsetjenester.,Improve primary health services.,Eksempelmottaker (mock),142.3,norad,MOCK,False
mock-2026-lbr-dev-0,2026,lbr,dev,Utdanningsprogram (eksempeldata),Education programme (sample data),Styrke grunnutdanning og lærerutdanning.,Strengthen basic and teacher education.,Eksempelmottaker (mock),266.3,norad,MOCK,False
mock-2026-lbr-dev-1,2026,lbr,dev,Helsesystemstøtte (eksempeldata),Health system support (sample data),Bedre primærhelsetjenester.,Improve primary health services.,Eksempelmottaker (mock),294.3,norad,MOCK,False
mock-2026-col-dev-0,2026,col,dev,Utdanningsprogram (eksempeldata),Education programme (sample data),Styrke grunnutdanning og lærerutdanning.,Strengthen basic and teacher education.,Eksempelmottaker (mock),282.4,norad,MOCK,False
mock-2026-col-dev-1,2026,col,dev,Helsesystemstøtte (eksempeldata),Health system support (sample data),Bedre primærhelsetjenester.,Improve primary health services.,Eksempelmottaker (mock),236.3,norad,MOCK,False
mock-2026-pak-dev-0,2026,pak,dev,Utdanningsprogram (eksempeldata),Education programme (sample data),Styrke grunnutdanning og lærerutdanning.,Strengthen basic and teacher education.,Eksempelmottaker (mock),76.4,norad,MOCK,False
mock-2026-pak-dev-1,2026,pak,dev,Helsesystemstøtte (eksempeldata),Health system support (sample data),Bedre primærhelsetjenester.,Improve primary health services.,Eksempelmottaker (mock),116.5,norad,MOCK,False
mock-2026-m_un-dev-0,2026,m_un,dev,Utdanningsprogram (eksempeldata),Education programme (sample data),Styrke grunnutdanning og lærerutdanning.,Strengthen basic and teacher education.,Eksempelmottaker (mock),437.1,norad,MOCK,False
mock-2026-m_un-dev-1,2026,m_un,dev,Helsesystemstøtte (eksempeldata),Health system support (sample data),Bedre primærhelsetjenester.,Improve primary health services.,Eksempelmottaker (mock),424.4,norad,MOCK,False
mock-2026-m_un-dev-2,2026,m_un,dev,Næringsutvikling (eksempeldata),Economic development (sample data),Støtte til små og mellomstore bedrifter.,Support for small and medium enterprises.,Eksempelmottaker (mock),245.1,norad,MOCK,False
mock-2026-m_unalloc-dev-0,2026,m_unalloc,dev,Utdanningsprogram (eksempeldata),Education programme (sample data),Styrke grunnutdanning og lærerutdanning.,Strengthen basic and teacher education.,Eksempelmottaker (mock),1068.8,norad,MOCK,False
mock-2026-m_unalloc-dev-1,2026,m_unalloc,dev,Helsesystemstøtte (eksempeldata),Health system support (sample data),Bedre primærhelsetjenester.,Improve primary health services.,Eksempelmottaker (mock),1157.0,norad,MOCK,False
mock-2026-m_unalloc-dev-2,2026,m_unalloc,dev,Næringsutvikling (eksempeldata),Economic development (sample data),Støtte til små og mellomstore bedrifter.,Support for small and medium enterprises.,Eksempelmottaker (mock),1199.0,norad,MOCK,False
mock-2024-syr-hum-0,2024,syr,hum,Nødhjelpsinnsats (eksempeldata),Emergency response (sample data),"Mat, vann og tilfluktsrom.","Food, water and shelter.",Eksempelmottaker (mock),70.5,norad,MOCK,False
mock-2024-syr-hum-1,2024,syr,hum,Beskyttelse av sivile (eksempeldata),Protection of civilians (sample data),Beskyttelse og minerydding.,Protection and demining.,Eksempelmottaker (mock),54.5,norad,MOCK,False
mock-2024-yem-hum-0,2024,yem,hum,Nødhjelpsinnsats (eksempeldata),Emergency response (sample data),"Mat, vann og tilfluktsrom.","Food, water and shelter.",Eksempelmottaker (mock),127.1,norad,MOCK,False
mock-2024-yem-hum-1,2024,yem,hum,Beskyttelse av sivile (eksempeldata),Protection of civilians (sample data),Beskyttelse og minerydding.,Protection and demining.,Eksempelmottaker (mock),48.6,norad,MOCK,False
mock-2024-pse-hum-0,2024,pse,hum,Nødhjelpsinnsats (eksempeldata),Emergency response (sample data),"Mat, vann og tilfluktsrom.","Food, water and shelter.",Eksempelmottaker (mock),208.5,norad,MOCK,False
mock-2024-pse-hum-1,2024,pse,hum,Beskyttelse av sivile (eksempeldata),Protection of civilians (sample data),Beskyttelse og minerydding.,Protection and demining.,Eksempelmottaker (mock),218.6,norad,MOCK,False
mock-2024-sdn-hum-0,2024,sdn,hum,Nødhjelpsinnsats (eksempeldata),Emergency response (sample data),"Mat, vann og tilfluktsrom.","Food, water and shelter.",Eksempelmottaker (mock),133.6,norad,MOCK,False
mock-2024-sdn-hum-1,2024,sdn,hum,Beskyttelse av sivile (eksempeldata),Protection of civilians (sample data),Beskyttelse og minerydding.,Protection and demining.,Eksempelmottaker (mock),151.8,norad,MOCK,False
mock-2024-ssd-hum-0,2024,ssd,hum,Nødhjelpsinnsats (eksempeldata),Emergency response (sample data),"Mat, vann og tilfluktsrom.","Food, water and shelter.",Eksempelmottaker (mock),126.3,norad,MOCK,False
mock-2024-ssd-hum-1,2024,ssd,hum,Beskyttelse av sivile (eksempeldata),Protection of civilians (sample data),Beskyttelse og minerydding.,Protection and demining.,Eksempelmottaker (mock),99.3,norad,MOCK,False
mock-2024-som-hum-0,2024,som,hum,Nødhjelpsinnsats (eksempeldata),Emergency response (sample data),"Mat, vann og tilfluktsrom.","Food, water and shelter.",Eksempelmottaker (mock),155.5,norad,MOCK,False
mock-2024-som-hum-1,2024,som,hum,Beskyttelse av sivile (eksempeldata),Protection of civilians (sample data),Beskyttelse og minerydding.,Protection and demining.,Eksempelmottaker (mock),145.9,norad,MOCK,False
mock-2024-cod-hum-0,2024,cod,hum,Nødhjelpsinnsats (eksempeldata),Emergency response (sample data),"Mat, vann og tilfluktsrom.","Food, water and shelter.",Eksempelmottaker (mock),90.3,norad,MOCK,False
mock-2024-cod-hum-1,2024,cod,hum,Beskyttelse av sivile (eksempeldata),Protection of civilians (sample data),Beskyttelse og minerydding.,Protection and demining.,Eksempelmottaker (mock),141.8,norad,MOCK,False
mock-2024-eth-hum-0,2024,eth,hum,Nødhjelpsinnsats (eksempeldata),Emergency response (sample data),"Mat, vann og tilfluktsrom.","Food, water and shelter.",Eksempelmottaker (mock),101.9,norad,MOCK,False
mock-2024-eth-hum-1,2024,eth,hum,Beskyttelse av sivile (eksempeldata),Protection of civilians (sample data),Beskyttelse og minerydding.,Protection and demining.,Eksempelmottaker (mock),132.3,norad,MOCK,False
mock-2024-ukr-hum-0,2024,ukr,hum,Nødhjelpsinnsats (eksempeldata),Emergency response (sample data),"Mat, vann og tilfluktsrom.","Food, water and shelter.",Eksempelmottaker (mock),162.4,norad,MOCK,False
mock-2024-ukr-hum-1,2024,ukr,hum,Beskyttelse av sivile (eksempeldata),Protection of civilians (sample data),Beskyttelse og minerydding.,Protection and demining.,Eksempelmottaker (mock),161.7,norad,MOCK,False
mock-2024-m_un-hum-0,2024,m_un,hum,Nødhjelpsinnsats (eksempeldata),Emergency response (sample data),"Mat, vann og tilfluktsrom.","Food, water and shelter.",Eksempelmottaker (mock),240.0,norad,MOCK,False
mock-2024-m_un-hum-1,2024,m_un,hum,Beskyttelse av sivile (eksempeldata),Protection of civilians (sample data),Beskyttelse og minerydding.,Protection and demining.,Eksempelmottaker (mock),286.4,norad,MOCK,False
mock-2024-m_unalloc-hum-0,2024,m_unalloc,hum,Nødhjelpsinnsats (eksempeldata),Emergency response (sample data),"Mat, vann og tilfluktsrom.","Food, water and shelter.",Eksempelmottaker (mock),169.8,norad,MOCK,False
mock-2024-m_unalloc-hum-1,2024,m_unalloc,hum,Beskyttelse av sivile (eksempeldata),Protection of civilians (sample data),Beskyttelse og minerydding.,Protection and demining.,Eksempelmottaker (mock),264.1,norad,MOCK,False
mock-2025-syr-hum-0,2025,syr,hum,Nødhjelpsinnsats (eksempeldata),Emergency response (sample data),"Mat, vann og tilfluktsrom.","Food, water and shelter.",Eksempelmottaker (mock),60.9,norad,MOCK,False
mock-2025-syr-hum-1,2025,syr,hum,Beskyttelse av sivile (eksempeldata),Protection of civilians (sample data),Beskyttelse og minerydding.,Protection and demining.,Eksempelmottaker (mock),67.5,norad,MOCK,False
mock-2025-yem-hum-0,2025,yem,hum,Nødhjelpsinnsats (eksempeldata),Emergency response (sample data),"Mat, vann og tilfluktsrom.","Food, water and shelter.",Eksempelmottaker (mock),132.3,norad,MOCK,False
mock-2025-yem-hum-1,2025,yem,hum,Beskyttelse av sivile (eksempeldata),Protection of civilians (sample data),Beskyttelse og minerydding.,Protection and demining.,Eksempelmottaker (mock),131.6,norad,MOCK,False
mock-2025-pse-hum-0,2025,pse,hum,Nødhjelpsinnsats (eksempeldata),Emergency response (sample data),"Mat, vann og tilfluktsrom.","Food, water and shelter.",Eksempelmottaker (mock),204.6,norad,MOCK,False
mock-2025-pse-hum-1,2025,pse,hum,Beskyttelse av sivile (eksempeldata),Protection of civilians (sample data),Beskyttelse og minerydding.,Protection and demining.,Eksempelmottaker (mock),325.1,norad,MOCK,False
mock-2025-sdn-hum-0,2025,sdn,hum,Nødhjelpsinnsats (eksempeldata),Emergency response (sample data),"Mat, vann og tilfluktsrom.","Food, water and shelter.",Eksempelmottaker (mock),220.0,norad,MOCK,False
mock-2025-sdn-hum-1,2025,sdn,hum,Beskyttelse av sivile (eksempeldata),Protection of civilians (sample data),Beskyttelse og minerydding.,Protection and demining.,Eksempelmottaker (mock),114.7,norad,MOCK,False
mock-2025-ssd-hum-0,2025,ssd,hum,Nødhjelpsinnsats (eksempeldata),Emergency response (sample data),"Mat, vann og tilfluktsrom.","Food, water and shelter.",Eksempelmottaker (mock),103.6,norad,MOCK,False
mock-2025-ssd-hum-1,2025,ssd,hum,Beskyttelse av sivile (eksempeldata),Protection of civilians (sample data),Beskyttelse og minerydding.,Protection and demining.,Eksempelmottaker (mock),106.5,norad,MOCK,False
mock-2025-som-hum-0,2025,som,hum,Nødhjelpsinnsats (eksempeldata),Emergency response (sample data),"Mat, vann og tilfluktsrom.","Food, water and shelter.",Eksempelmottaker (mock),149.7,norad,MOCK,False
mock-2025-som-hum-1,2025,som,hum,Beskyttelse av sivile (eksempeldata),Protection of civilians (sample data),Beskyttelse og minerydding.,Protection and demining.,Eksempelmottaker (mock),110.7,norad,MOCK,False
mock-2025-ukr-hum-0,2025,ukr,hum,Nødhjelpsinnsats (eksempeldata),Emergency response (sample data),"Mat, vann og tilfluktsrom.","Food, water and shelter.",Eksempelmottaker (mock),82.3,norad,MOCK,False
mock-2025-ukr-hum-1,2025,ukr,hum,Beskyttelse av sivile (eksempeldata),Protection of civilians (sample data),Beskyttelse og minerydding.,Protection and demining.,Eksempelmottaker (mock),138.2,norad,MOCK,False
mock-2025-m_un-hum-0,2025,m_un,hum,Nødhjelpsinnsats (eksempeldata),Emergency response (sample data),"Mat, vann og tilfluktsrom.","Food, water and shelter.",Eksempelmottaker (mock),766.1,norad,MOCK,False
mock-2025-m_un-hum-1,2025,m_un,hum,Beskyttelse av sivile (eksempeldata),Protection of civilians (sample data),Beskyttelse og minerydding.,Protection and demining.,Eksempelmottaker (mock),295.2,norad,MOCK,False
mock-2025-m_unalloc-hum-0,2025,m_unalloc,hum,Nødhjelpsinnsats (eksempeldata),Emergency response (sample data),"Mat, vann og tilfluktsrom.","Food, water and shelter.",Eksempelmottaker (mock),142.0,norad,MOCK,False
mock-2025-m_unalloc-hum-1,2025,m_unalloc,hum,Beskyttelse av sivile (eksempeldata),Protection of civilians (sample data),Beskyttelse og minerydding.,Protection and demining.,Eksempelmottaker (mock),234.1,norad,MOCK,False
mock-2026-syr-hum-0,2026,syr,hum,Nødhjelpsinnsats (eksempeldata),Emergency response (sample data),"Mat, vann og tilfluktsrom.","Food, water and shelter.",Eksempelmottaker (mock),86.4,norad,MOCK,False
mock-2026-syr-hum-1,2026,syr,hum,Beskyttelse av sivile (eksempeldata),Protection of civilians (sample data),Beskyttelse og minerydding.,Protection and demining.,Eksempelmottaker (mock),241.1,norad,MOCK,False
mock-2026-afg-hum-0,2026,afg,hum,Nødhjelpsinnsats (eksempeldata),Emergency response (sample data),"Mat, vann og tilfluktsrom.","Food, water and shelter.",Eksempelmottaker (mock),79.5,norad,MOCK,False
mock-2026-afg-hum-1,2026,afg,hum,Beskyttelse av sivile (eksempeldata),Protection of civilians (sample data),Beskyttelse og minerydding.,Protection and demining.,Eksempelmottaker (mock),52.6,norad,MOCK,False
mock-2026-pse-hum-0,2026,pse,hum,Nødhjelpsinnsats (eksempeldata),Emergency response (sample data),"Mat, vann og tilfluktsrom.","Food, water and shelter.",Eksempelmottaker (mock),87.0,norad,MOCK,False
mock-2026-pse-hum-1,2026,pse,hum,Beskyttelse av sivile (eksempeldata),Protection of civilians (sample data),Beskyttelse og minerydding.,Protection and demining.,Eksempelmottaker (mock),144.3,norad,MOCK,False
mock-2026-sdn-hum-0,2026,sdn,hum,Nødhjelpsinnsats (eksempeldata),Emergency response (sample data),"Mat, vann og tilfluktsrom.","Food, water and shelter.",Eksempelmottaker (mock),113.8,norad,MOCK,False
mock-2026-sdn-hum-1,2026,sdn,hum,Beskyttelse av sivile (eksempeldata),Protection of civilians (sample data),Beskyttelse og minerydding.,Protection and demining.,Eksempelmottaker (mock),136.5,norad,MOCK,False
mock-2026-ssd-hum-0,2026,ssd,hum,Nødhjelpsinnsats (eksempeldata),Emergency response (sample data),"Mat, vann og tilfluktsrom.","Food, water and shelter.",Eksempelmottaker (mock),74.4,norad,MOCK,False
mock-2026-ssd-hum-1,2026,ssd,hum,Beskyttelse av sivile (eksempeldata),Protection of civilians (sample data),Beskyttelse og minerydding.,Protection and demining.,Eksempelmottaker (mock),146.6,norad,MOCK,False
mock-2026-som-hum-0,2026,som,hum,Nødhjelpsinnsats (eksempeldata),Emergency response (sample data),"Mat, vann og tilfluktsrom.","Food, water and shelter.",Eksempelmottaker (mock),146.7,norad,MOCK,False
mock-2026-som-hum-1,2026,som,hum,Beskyttelse av sivile (eksempeldata),Protection of civilians (sample data),Beskyttelse og minerydding.,Protection and demining.,Eksempelmottaker (mock),120.1,norad,MOCK,False
mock-2026-cod-hum-0,2026,cod,hum,Nødhjelpsinnsats (eksempeldata),Emergency response (sample data),"Mat, vann og tilfluktsrom.","Food, water and shelter.",Eksempelmottaker (mock),109.0,norad,MOCK,False
mock-2026-cod-hum-1,2026,cod,hum,Beskyttelse av sivile (eksempeldata),Protection of civilians (sample data),Beskyttelse og minerydding.,Protection and demining.,Eksempelmottaker (mock),107.9,norad,MOCK,False
mock-2026-ukr-hum-0,2026,ukr,hum,Nødhjelpsinnsats (eksempeldata),Emergency response (sample data),"Mat, vann og tilfluktsrom.","Food, water and shelter.",Eksempelmottaker (mock),95.9,norad,MOCK,False
mock-2026-ukr-hum-1,2026,ukr,hum,Beskyttelse av sivile (eksempeldata),Protection of civilians (sample data),Beskyttelse og minerydding.,Protection and demining.,Eksempelmottaker (mock),120.5,norad,MOCK,False
mock-2026-m_un-hum-0,2026,m_un,hum,Nødhjelpsinnsats (eksempeldata),Emergency response (sample data),"Mat, vann og tilfluktsrom.","Food, water and shelter.",Eksempelmottaker (mock),575.0,norad,MOCK,False
mock-2026-m_un-hum-1,2026,m_un,hum,Beskyttelse av sivile (eksempeldata),Protection of civilians (sample data),Beskyttelse og minerydding.,Protection and demining.,Eksempelmottaker (mock),456.6,norad,MOCK,False
mock-2026-m_unalloc-hum-0,2026,m_unalloc,hum,Nødhjelpsinnsats (eksempeldata),Emergency response (sample data),"Mat, vann og tilfluktsrom.","Food, water and shelter.",Eksempelmottaker (mock),156.8,norad,MOCK,False
mock-2026-m_unalloc-hum-1,2026,m_unalloc,hum,Beskyttelse av sivile (eksempeldata),Protection of civilians (sample data),Beskyttelse og minerydding.,Protection and demining.,Eksempelmottaker (mock),166.3,norad,MOCK,False
mock-2024-ukr-ukr-0,2024,ukr,ukr,Energisikkerhet (eksempeldata),Energy security (sample data),Reparasjon og vedlikehold av energiinfrastruktur.,Repair and maintenance of energy infrastructure.,Eksempelmottaker (mock),7475.8,stortinget,MOCK,False
mock-2024-ukr-ukr-1,2024,ukr,ukr,Sivil støtte (eksempeldata),Civilian support (sample data),Sivil støtte og gjenoppbygging.,Civilian support and reconstruction.,Eksempelmottaker (mock),3605.7,stortinget,MOCK,False
mock-2024-mda-ukr-0,2024,mda,ukr,Energisikkerhet (eksempeldata),Energy security (sample data),Reparasjon og vedlikehold av energiinfrastruktur.,Repair and maintenance of energy infrastructure.,Eksempelmottaker (mock),428.8,stortinget,MOCK,False
mock-2024-mda-ukr-1,2024,mda,ukr,Sivil støtte (eksempeldata),Civilian support (sample data),Sivil støtte og gjenoppbygging.,Civilian support and reconstruction.,Eksempelmottaker (mock),236.1,stortinget,MOCK,False
mock-2024-m_unalloc-ukr-0,2024,m_unalloc,ukr,Energisikkerhet (eksempeldata),Energy security (sample data),Reparasjon og vedlikehold av energiinfrastruktur.,Repair and maintenance of energy infrastructure.,Eksempelmottaker (mock),344.7,stortinget,MOCK,False
mock-2024-m_unalloc-ukr-1,2024,m_unalloc,ukr,Sivil støtte (eksempeldata),Civilian support (sample data),Sivil støtte og gjenoppbygging.,Civilian support and reconstruction.,Eksempelmottaker (mock),223.9,stortinget,MOCK,False
mock-2025-ukr-ukr-0,2025,ukr,ukr,Energisikkerhet (eksempeldata),Energy security (sample data),Reparasjon og vedlikehold av energiinfrastruktur.,Repair and maintenance of energy infrastructure.,Eksempelmottaker (mock),4151.6,stortinget,MOCK,False
mock-2025-ukr-ukr-1,2025,ukr,ukr,Sivil støtte (eksempeldata),Civilian support (sample data),Sivil støtte og gjenoppbygging.,Civilian support and reconstruction.,Eksempelmottaker (mock),7529.2,stortinget,MOCK,False
mock-2025-mda-ukr-0,2025,mda,ukr,Energisikkerhet (eksempeldata),Energy security (sample data),Reparasjon og vedlikehold av energiinfrastruktur.,Repair and maintenance of energy infrastructure.,Eksempelmottaker (mock),220.1,stortinget,MOCK,False
mock-2025-mda-ukr-1,2025,mda,ukr,Sivil støtte (eksempeldata),Civilian support (sample data),Sivil støtte og gjenoppbygging.,Civilian support and reconstruction.,Eksempelmottaker (mock),355.3,stortinget,MOCK,False
mock-2025-m_unalloc-ukr-0,2025,m_unalloc,ukr,Energisikkerhet (eksempeldata),Energy security (sample data),Reparasjon og vedlikehold av energiinfrastruktur.,Repair and maintenance of energy infrastructure.,Eksempelmottaker (mock),648.7,stortinget,MOCK,False
mock-2025-m_unalloc-ukr-1,2025,m_unalloc,ukr,Sivil støtte (eksempeldata),Civilian support (sample data),Sivil støtte og gjenoppbygging.,Civilian support and reconstruction.,Eksempelmottaker (mock),640.7,stortinget,MOCK,False
mock-2026-ukr-ukr-0,2026,ukr,ukr,Energisikkerhet (eksempeldata),Energy security (sample data),Reparasjon og vedlikehold av energiinfrastruktur.,Repair and maintenance of energy infrastructure.,Eksempelmottaker (mock),9311.9,stortinget,MOCK,False
mock-2026-ukr-ukr-1,2026,ukr,ukr,Sivil støtte (eksempeldata),Civilian support (sample data),Sivil støtte og gjenoppbygging.,Civilian support and reconstruction.,Eksempelmottaker (mock),8023.6,stortinget,MOCK,False
mock-2026-mda-ukr-0,2026,mda,ukr,Energisikkerhet (eksempeldata),Energy security (sample data),Reparasjon og vedlikehold av energiinfrastruktur.,Repair and maintenance of energy infrastructure.,Eksempelmottaker (mock),152.2,stortinget,MOCK,False
mock-2026-mda-ukr-1,2026,mda,ukr,Sivil støtte (eksempeldata),Civilian support (sample data),Sivil støtte og gjenoppbygging.,Civilian support and reconstruction.,Eksempelmottaker (mock),330.6,stortinget,MOCK,False
mock-2026-geo-ukr-0,2026,geo,ukr,Energisikkerhet (eksempeldata),Energy security (sample data),Reparasjon og vedlikehold av energiinfrastruktur.,Repair and maintenance of energy infrastructure.,Eksempelmottaker (mock),57.0,stortinget,MOCK,False
mock-2026-geo-ukr-1,2026,geo,ukr,Sivil støtte (eksempeldata),Civilian support (sample data),Sivil støtte og gjenoppbygging.,Civilian support and reconstruction.,Eksempelmottaker (mock),137.6,stortinget,MOCK,False
mock-2026-m_unalloc-ukr-0,2026,m_unalloc,ukr,Energisikkerhet (eksempeldata),Energy security (sample data),Reparasjon og vedlikehold av energiinfrastruktur.,Repair and maintenance of energy infrastructure.,Eksempelmottaker (mock),700.5,stortinget,MOCK,False
mock-2026-m_unalloc-ukr-1,2026,m_unalloc,ukr,Sivil støtte (eksempeldata),Civilian support (sample data),Sivil støtte og gjenoppbygging.,Civilian support and reconstruction.,Eksempelmottaker (mock),360.2,stortinget,MOCK,False
mock-2024-m_un-org-0,2024,m_un,org,Kjernebidrag (eksempeldata),Core contribution (sample data),Generelt driftsbidrag.,General operating contribution.,Eksempelmottaker (mock),1206.8,ud,MOCK,False
mock-2024-m_un-org-1,2024,m_un,org,Tematisk fond (eksempeldata),Thematic fund (sample data),Øremerket tematisk bidrag.,Earmarked thematic contribution.,Eksempelmottaker (mock),1166.3,ud,MOCK,False
mock-2024-m_wb-org-0,2024,m_wb,org,Kjernebidrag (eksempeldata),Core contribution (sample data),Generelt driftsbidrag.,General operating contribution.,Eksempelmottaker (mock),535.0,ud,MOCK,False
mock-2024-m_wb-org-1,2024,m_wb,org,Tematisk fond (eksempeldata),Thematic fund (sample data),Øremerket tematisk bidrag.,Earmarked thematic contribution.,Eksempelmottaker (mock),774.5,ud,MOCK,False
mock-2024-m_rdb-org-0,2024,m_rdb,org,Kjernebidrag (eksempeldata),Core contribution (sample data),Generelt driftsbidrag.,General operating contribution.,Eksempelmottaker (mock),280.1,ud,MOCK,False
mock-2024-m_rdb-org-1,2024,m_rdb,org,Tematisk fond (eksempeldata),Thematic fund (sample data),Øremerket tematisk bidrag.,Earmarked thematic contribution.,Eksempelmottaker (mock),347.8,ud,MOCK,False
mock-2024-m_gf-org-0,2024,m_gf,org,Kjernebidrag (eksempeldata),Core contribution (sample data),Generelt driftsbidrag.,General operating contribution.,Eksempelmottaker (mock),533.4,ud,MOCK,False
mock-2024-m_gf-org-1,2024,m_gf,org,Tematisk fond (eksempeldata),Thematic fund (sample data),Øremerket tematisk bidrag.,Earmarked thematic contribution.,Eksempelmottaker (mock),581.0,ud,MOCK,False
mock-2024-m_unalloc-org-0,2024,m_unalloc,org,Kjernebidrag (eksempeldata),Core contribution (sample data),Generelt driftsbidrag.,General operating contribution.,Eksempelmottaker (mock),109.5,ud,MOCK,False
mock-2024-m_unalloc-org-1,2024,m_unalloc,org,Tematisk fond (eksempeldata),Thematic fund (sample data),Øremerket tematisk bidrag.,Earmarked thematic contribution.,Eksempelmottaker (mock),367.3,ud,MOCK,False
mock-2025-m_un-org-0,2025,m_un,org,Kjernebidrag (eksempeldata),Core contribution (sample data),Generelt driftsbidrag.,General operating contribution.,Eksempelmottaker (mock),832.3,ud,MOCK,False
mock-2025-m_un-org-1,2025,m_un,org,Tematisk fond (eksempeldata),Thematic fund (sample data),Øremerket tematisk bidrag.,Earmarked thematic contribution.,Eksempelmottaker (mock),1483.2,ud,MOCK,False
mock-2025-m_wb-org-0,2025,m_wb,org,Kjernebidrag (eksempeldata),Core contribution (sample data),Generelt driftsbidrag.,General operating contribution.,Eksempelmottaker (mock),546.1,ud,MOCK,False
mock-2025-m_wb-org-1,2025,m_wb,org,Tematisk fond (eksempeldata),Thematic fund (sample data),Øremerket tematisk bidrag.,Earmarked thematic contribution.,Eksempelmottaker (mock),766.3,ud,MOCK,False
mock-2025-m_rdb-org-0,2025,m_rdb,org,Kjernebidrag (eksempeldata),Core contribution (sample data),Generelt driftsbidrag.,General operating contribution.,Eksempelmottaker (mock),556.8,ud,MOCK,False
mock-2025-m_rdb-org-1,2025,m_rdb,org,Tematisk fond (eksempeldata),Thematic fund (sample data),Øremerket tematisk bidrag.,Earmarked thematic contribution.,Eksempelmottaker (mock),491.6,ud,MOCK,False
mock-2025-m_gf-org-0,2025,m_gf,org,Kjernebidrag (eksempeldata),Core contribution (sample data),Generelt driftsbidrag.,General operating contribution.,Eksempelmottaker (mock),599.8,ud,MOCK,False
mock-2025-m_gf-org-1,2025,m_gf,org,Tematisk fond (eksempeldata),Thematic fund (sample data),Øremerket tematisk bidrag.,Earmarked thematic contribution.,Eksempelmottaker (mock),345.6,ud,MOCK,False
mock-2025-m_unalloc-org-0,2025,m_unalloc,org,Kjernebidrag (eksempeldata),Core contribution (sample data),Generelt driftsbidrag.,General operating contribution.,Eksempelmottaker (mock),331.1,ud,MOCK,False
mock-2025-m_unalloc-org-1,2025,m_unalloc,org,Tematisk fond (eksempeldata),Thematic fund (sample data),Øremerket tematisk bidrag.,Earmarked thematic contribution.,Eksempelmottaker (mock),352.0,ud,MOCK,False
mock-2026-m_un-org-0,2026,m_un,org,Kjernebidrag (eksempeldata),Core contribution (sample data),Generelt driftsbidrag.,General operating contribution.,Eksempelmottaker (mock),1346.8,ud,MOCK,False
mock-2026-m_un-org-1,2026,m_un,org,Tematisk fond (eksempeldata),Thematic fund (sample data),Øremerket tematisk bidrag.,Earmarked thematic contribution.,Eksempelmottaker (mock),1310.2,ud,MOCK,False
mock-2026-m_wb-org-0,2026,m_wb,org,Kjernebidrag (eksempeldata),Core contribution (sample data),Generelt driftsbidrag.,General operating contribution.,Eksempelmottaker (mock),729.9,ud,MOCK,False
mock-2026-m_wb-org-1,2026,m_wb,org,Tematisk fond (eksempeldata),Thematic fund (sample data),Øremerket tematisk bidrag.,Earmarked thematic contribution.,Eksempelmottaker (mock),614.6,ud,MOCK,False
mock-2026-m_rdb-org-0,2026,m_rdb,org,Kjernebidrag (eksempeldata),Core contribution (sample data),Generelt driftsbidrag.,General operating contribution.,Eksempelmottaker (mock),386.5,ud,MOCK,False
mock-2026-m_rdb-org-1,2026,m_rdb,org,Tematisk fond (eksempeldata),Thematic fund (sample data),Øremerket tematisk bidrag.,Earmarked thematic contribution.,Eksempelmottaker (mock),244.8,ud,MOCK,False
mock-2026-m_gf-org-0,2026,m_gf,org,Kjernebidrag (eksempeldata),Core contribution (sample data),Generelt driftsbidrag.,General operating contribution.,Eksempelmottaker (mock),278.9,ud,MOCK,False
mock-2026-m_gf-org-1,2026,m_gf,org,Tematisk fond (eksempeldata),Thematic fund (sample data),Øremerket tematisk bidrag.,Earmarked thematic contribution.,Eksempelmottaker (mock),401.3,ud,MOCK,False
mock-2026-m_unalloc-org-0,2026,m_unalloc,org,Kjernebidrag (eksempeldata),Core contribution (sample data),Generelt driftsbidrag.,General operating contribution.,Eksempelmottaker (mock),383.5,ud,MOCK,False
mock-2026-m_unalloc-org-1,2026,m_unalloc,org,Tematisk fond (eksempeldata),Thematic fund (sample data),Øremerket tematisk bidrag.,Earmarked thematic contribution.,Eksempelmottaker (mock),163.4,ud,MOCK,False
mock-2024-pol-eea-0,2024,pol,eea,Sivilsamfunnsfond (eksempeldata),Civil society fund (sample data),Støtte til frivillige organisasjoner.,Support to civil society organisations.,Eksempelmottaker (mock),193.8,ud,MOCK,False
mock-2024-pol-eea-1,2024,pol,eea,Grønn industri (eksempeldata),Green industry (sample data),Grønn omstilling.,Green transition.,Eksempelmottaker (mock),130.2,ud,MOCK,False
mock-2024-rou-eea-0,2024,rou,eea,Sivilsamfunnsfond (eksempeldata),Civil society fund (sample data),Støtte til frivillige organisasjoner.,Support to civil society organisations.,Eksempelmottaker (mock),177.3,ud,MOCK,False
mock-2024-rou-eea-1,2024,rou,eea,Grønn industri (eksempeldata),Green industry (sample data),Grønn omstilling.,Green transition.,Eksempelmottaker (mock),58.9,ud,MOCK,False
mock-2024-m_eu-eea-0,2024,m_eu,eea,Sivilsamfunnsfond (eksempeldata),Civil society fund (sample data),Støtte til frivillige organisasjoner.,Support to civil society organisations.,Eksempelmottaker (mock),190.6,ud,MOCK,False
mock-2024-m_eu-eea-1,2024,m_eu,eea,Grønn industri (eksempeldata),Green industry (sample data),Grønn omstilling.,Green transition.,Eksempelmottaker (mock),258.9,ud,MOCK,False
mock-2025-pol-eea-0,2025,pol,eea,Sivilsamfunnsfond (eksempeldata),Civil society fund (sample data),Støtte til frivillige organisasjoner.,Support to civil society organisations.,Eksempelmottaker (mock),315.7,ud,MOCK,False
mock-2025-pol-eea-1,2025,pol,eea,Grønn industri (eksempeldata),Green industry (sample data),Grønn omstilling.,Green transition.,Eksempelmottaker (mock),285.9,ud,MOCK,False
mock-2025-rou-eea-0,2025,rou,eea,Sivilsamfunnsfond (eksempeldata),Civil society fund (sample data),Støtte til frivillige organisasjoner.,Support to civil society organisations.,Eksempelmottaker (mock),61.2,ud,MOCK,False
mock-2025-rou-eea-1,2025,rou,eea,Grønn industri (eksempeldata),Green industry (sample data),Grønn omstilling.,Green transition.,Eksempelmottaker (mock),63.8,ud,MOCK,False
mock-2025-m_eu-eea-0,2025,m_eu,eea,Sivilsamfunnsfond (eksempeldata),Civil society fund (sample data),Støtte til frivillige organisasjoner.,Support to civil society organisations.,Eksempelmottaker (mock),447.7,ud,MOCK,False
mock-2025-m_eu-eea-1,2025,m_eu,eea,Grønn industri (eksempeldata),Green industry (sample data),Grønn omstilling.,Green transition.,Eksempelmottaker (mock),464.2,ud,MOCK,False
mock-2026-pol-eea-0,2026,pol,eea,Sivilsamfunnsfond (eksempeldata),Civil society fund (sample data),Støtte til frivillige organisasjoner.,Support to civil society organisations.,Eksempelmottaker (mock),245.0,ud,MOCK,False
mock-2026-pol-eea-1,2026,pol,eea,Grønn industri (eksempeldata),Green industry (sample data),Grønn omstilling.,Green transition.,Eksempelmottaker (mock),244.6,ud,MOCK,False
mock-2026-rou-eea-0,2026,rou,eea,Sivilsamfunnsfond (eksempeldata),Civil society fund (sample data),Støtte til frivillige organisasjoner.,Support to civil society organisations.,Eksempelmottaker (mock),116.7,ud,MOCK,False
mock-2026-rou-eea-1,2026,rou,eea,Grønn industri (eksempeldata),Green industry (sample data),Grønn omstilling.,Green transition.,Eksempelmottaker (mock),113.7,ud,MOCK,False
mock-2026-m_eu-eea-0,2026,m_eu,eea,Sivilsamfunnsfond (eksempeldata),Civil society fund (sample data),Støtte til frivillige organisasjoner.,Support to civil society organisations.,Eksempelmottaker (mock),207.0,ud,MOCK,False
mock-2026-m_eu-eea-1,2026,m_eu,eea,Grønn industri (eksempeldata),Green industry (sample data),Grønn omstilling.,Green transition.,Eksempelmottaker (mock),123.7,ud,MOCK,False
mock-2024-m_nato-def-0,2024,m_nato,def,Felles finansiering (eksempeldata),Common funding (sample data),Bidrag til NATOs felles budsjetter.,Contribution to NATO common budgets.,Eksempelmottaker (mock),306.6,fd,MOCK,False
mock-2025-m_nato-def-0,2025,m_nato,def,Felles finansiering (eksempeldata),Common funding (sample data),Bidrag til NATOs felles budsjetter.,Contribution to NATO common budgets.,Eksempelmottaker (mock),591.6,fd,MOCK,False
mock-2026-m_nato-def-0,2026,m_nato,def,Felles finansiering (eksempeldata),Common funding (sample data),Bidrag til NATOs felles budsjetter.,Contribution to NATO common budgets.,Eksempelmottaker (mock),335.5,fd,MOCK,False
mock-2024-bra-clim-0,2024,bra,clim,Skogbevaring (eksempeldata),Forest conservation (sample data),Resultatbasert betaling for redusert avskoging.,Results-based payment for reduced deforestation.,Eksempelmottaker (mock),368.3,norad,MOCK,False
mock-2024-idn-clim-0,2024,idn,clim,Skogbevaring (eksempeldata),Forest conservation (sample data),Resultatbasert betaling for redusert avskoging.,Results-based payment for reduced deforestation.,Eksempelmottaker (mock),194.6,norad,MOCK,False
mock-2024-col-clim-0,2024,col,clim,Skogbevaring (eksempeldata),Forest conservation (sample data),Resultatbasert betaling for redusert avskoging.,Results-based payment for reduced deforestation.,Eksempelmottaker (mock),104.0,norad,MOCK,False
mock-2024-m_unalloc-clim-0,2024,m_unalloc,clim,Skogbevaring (eksempeldata),Forest conservation (sample data),Resultatbasert betaling for redusert avskoging.,Results-based payment for reduced deforestation.,Eksempelmottaker (mock),50.0,norad,MOCK,False
mock-2025-bra-clim-0,2025,bra,clim,Skogbevaring (eksempeldata),Forest conservation (sample data),Resultatbasert betaling for redusert avskoging.,Results-based payment for reduced deforestation.,Eksempelmottaker (mock),160.3,norad,MOCK,False
mock-2025-idn-clim-0,2025,idn,clim,Skogbevaring (eksempeldata),Forest conservation (sample data),Resultatbasert betaling for redusert avskoging.,Results-based payment for reduced deforestation.,Eksempelmottaker (mock),169.4,norad,MOCK,False
mock-2025-col-clim-0,2025,col,clim,Skogbevaring (eksempeldata),Forest conservation (sample data),Resultatbasert betaling for redusert avskoging.,Results-based payment for reduced deforestation.,Eksempelmottaker (mock),113.4,norad,MOCK,False
mock-2026-bra-clim-0,2026,bra,clim,Skogbevaring (eksempeldata),Forest conservation (sample data),Resultatbasert betaling for redusert avskoging.,Results-based payment for reduced deforestation.,Eksempelmottaker (mock),445.3,norad,MOCK,False
mock-2026-idn-clim-0,2026,idn,clim,Skogbevaring (eksempeldata),Forest conservation (sample data),Resultatbasert betaling for redusert avskoging.,Results-based payment for reduced deforestation.,Eksempelmottaker (mock),83.5,norad,MOCK,False
mock-2026-col-clim-0,2026,col,clim,Skogbevaring (eksempeldata),Forest conservation (sample data),Resultatbasert betaling for redusert avskoging.,Results-based payment for reduced deforestation.,Eksempelmottaker (mock),128.4,norad,MOCK,False
